level_0,index,1. open,2. high,3. low,4. close,5. volume,Month,Day,Year,Company,daily change
4527,2017-12-29,36.23,36.49,36.22,36.22,11337557,December,Friday,2017,PFE,-0.004124278251305982
4526,2017-12-28,36.36,36.53,36.25,36.37,6574788,December,Thursday,2017,PFE,0.001101018442058881
4525,2017-12-27,36.31,36.46,36.23,36.33,8132093,December,Wednesday,2017,PFE,0.0033140016570007576
4524,2017-12-26,36.09,36.27,35.95,36.21,10885234,December,Tuesday,2017,PFE,0.0019369120088544628
4523,2017-12-22,36.26,36.38,36.05,36.14,8575461,December,Friday,2017,PFE,-0.002759381898454785
4522,2017-12-21,36.585,36.6,36.19,36.24,14577781,December,Thursday,2017,PFE,-0.006034009873834308
4521,2017-12-20,36.98,37.14,36.425,36.46,14288514,December,Wednesday,2017,PFE,-0.01299404439631827
4520,2017-12-19,37.17,37.23,36.88,36.94,13816019,December,Tuesday,2017,PFE,-0.0051171559385942604
4519,2017-12-18,37.16,37.35,37.06,37.13,16602604,December,Monday,2017,PFE,-0.0018817204301075344
4518,2017-12-15,36.81,37.225,36.71,37.2,35613216,December,Friday,2017,PFE,0.020296215030170102
4517,2017-12-14,36.66,36.89,36.34,36.46,14603725,December,Thursday,2017,PFE,-0.004912663755458508
4516,2017-12-13,36.57,36.8,36.47,36.64,15678542,December,Wednesday,2017,PFE,0.0016402405686167926
4515,2017-12-12,36.36,36.82,36.25,36.58,21907784,December,Tuesday,2017,PFE,0.010218171775752485
4514,2017-12-11,35.79,36.26,35.69,36.21,13719146,December,Monday,2017,PFE,0.013150531617235558
4513,2017-12-08,35.32,35.77,35.32,35.74,14580055,December,Friday,2017,PFE,0.006760563380281746
4512,2017-12-07,35.56,35.64,35.15,35.5,15761894,December,Thursday,2017,PFE,-0.0016872890888639561
4511,2017-12-06,35.69,35.88,35.51,35.56,17049466,December,Wednesday,2017,PFE,-0.0019646365422396933
4510,2017-12-05,36.12,36.185,35.51,35.63,22235224,December,Tuesday,2017,PFE,-0.01192457016084303
4509,2017-12-04,36.49,36.62,36.05,36.06,13716972,December,Monday,2017,PFE,-0.007977991746905066
4508,2017-12-01,36.29,36.5,36.01,36.35,18584945,December,Friday,2017,PFE,0.0024820739106454328
4507,2017-11-30,36.21,36.48,36.08,36.26,22830776,November,Thursday,2017,PFE,0.0013808340237502668
4506,2017-11-29,35.94,36.41,35.875,36.21,15296837,November,Wednesday,2017,PFE,0.010041841004184085
4505,2017-11-28,35.59,35.89,35.52,35.85,12682149,November,Tuesday,2017,PFE,0.010143702451394742
4504,2017-11-27,35.52,35.65,35.38,35.49,9991179,November,Monday,2017,PFE,0.0
4503,2017-11-24,35.51,35.56,35.37,35.49,6397307,November,Friday,2017,PFE,0.0016934801016088702
4502,2017-11-22,35.45,35.5,35.32,35.43,10298174,November,Wednesday,2017,PFE,-0.003095104108047255
4501,2017-11-21,35.4,35.73,35.38,35.54,12084293,November,Tuesday,2017,PFE,0.00537482319660531
4500,2017-11-20,35.38,35.45,35.27,35.35,11809132,November,Monday,2017,PFE,-0.000565450947130224
4499,2017-11-17,35.37,35.49,35.17,35.37,14817055,November,Friday,2017,PFE,-0.005343082114735794
4498,2017-11-16,35.34,35.58,35.25,35.56,12661564,November,Thursday,2017,PFE,0.0056561085972851475
4497,2017-11-15,35.28,35.5,35.23,35.36,12153318,November,Wednesday,2017,PFE,-0.0005652911249294267
4496,2017-11-14,35.25,35.7,35.22,35.38,14425260,November,Tuesday,2017,PFE,0.0022662889518415127
4495,2017-11-13,35.22,35.48,35.14,35.3,22976528,November,Monday,2017,PFE,0.003411028993746375
4494,2017-11-10,35.1,35.19,34.8,35.18,13381484,November,Friday,2017,PFE,-0.0005681818181819072
4493,2017-11-09,35.08,35.25,34.84,35.2,13271058,November,Thursday,2017,PFE,-0.003961516694963229
4492,2017-11-08,35.37,35.39,35.03,35.34,13569440,November,Wednesday,2017,PFE,-0.0005656108597283942
4491,2017-11-07,35.3,35.42,35.24,35.36,9539774,November,Tuesday,2017,PFE,0.001132502831257054
4490,2017-11-06,35.59,35.61,35.12,35.32,10604269,November,Monday,2017,PFE,-0.00646976090014056
4489,2017-11-03,35.45,35.56,35.32,35.55,8877273,November,Friday,2017,PFE,0.0025380710659897434
4488,2017-11-02,35.27,35.51,35.03,35.46,12996856,November,Thursday,2017,PFE,0.005672149744753343
4487,2017-11-01,35.01,35.73,34.9,35.26,15568025,November,Wednesday,2017,PFE,0.005704506560182422
4486,2017-10-31,35.05,35.34,34.1,35.06,22357046,October,Tuesday,2017,PFE,-0.002560455192034034
4485,2017-10-30,35.43,35.47,35.02,35.15,23689774,October,Monday,2017,PFE,-0.012640449438202328
4484,2017-10-27,35.53,35.75,35.4,35.6,14927032,October,Friday,2017,PFE,-0.003917179630665936
4483,2017-10-26,36.09,36.22,35.6,35.74,17349175,October,Thursday,2017,PFE,-0.011615044247787462
4482,2017-10-25,36.2,36.35,35.92,36.16,14440419,October,Wednesday,2017,PFE,-0.003032809484422568
4481,2017-10-24,36.45,36.53,35.99,36.27,14435035,October,Tuesday,2017,PFE,-0.003571428571428447
4480,2017-10-23,36.3,36.78,36.3,36.4,15075239,October,Monday,2017,PFE,-0.0005491488193301242
4479,2017-10-20,36.3,36.42,36.03,36.42,17172000,October,Friday,2017,PFE,0.004966887417218536
4478,2017-10-19,35.89,36.38,35.84,36.24,19603962,October,Thursday,2017,PFE,0.011442924923248778
4477,2017-10-18,36.25,36.29,35.79,35.83,14391870,October,Wednesday,2017,PFE,-0.010220994475138249
4476,2017-10-17,35.93,36.33,35.75,36.2,13908289,October,Tuesday,2017,PFE,0.006114508060033518
4475,2017-10-16,36.35,36.48,35.88,35.98,13538189,October,Monday,2017,PFE,-0.009906439185470736
4474,2017-10-13,36.37,36.49,36.25,36.34,12763460,October,Friday,2017,PFE,-0.00027510316368632763
4473,2017-10-12,36.48,36.6,36.28,36.35,13373553,October,Thursday,2017,PFE,-0.002743484224965745
4472,2017-10-11,36.37,36.48,36.2,36.45,16391671,October,Wednesday,2017,PFE,0.0013736263736264908
4471,2017-10-10,36.38,36.51,36.03,36.4,17393143,October,Tuesday,2017,PFE,0.007194244604316493
4470,2017-10-09,36.06,36.15,35.93,36.14,9748514,October,Monday,2017,PFE,0.002496532593620068
4469,2017-10-06,35.99,36.14,35.94,36.05,11247289,October,Friday,2017,PFE,0.00138888888888881
4468,2017-10-05,35.88,36.0,35.75,36.0,13060859,October,Thursday,2017,PFE,0.0011123470522802876
4467,2017-10-04,36.18,36.24,35.9,35.96,10815755,October,Wednesday,2017,PFE,-0.004980630879911447
4466,2017-10-03,36.02,36.2,35.75,36.14,13528203,October,Tuesday,2017,PFE,0.0019406709176601133
4465,2017-10-02,35.67,36.1,35.49,36.07,15287990,October,Monday,2017,PFE,0.010364145658263232
4464,2017-09-29,35.64,35.7,35.35,35.7,15785653,September,Friday,2017,PFE,0.002808988764044984
4463,2017-09-28,35.27,35.78,35.22,35.6,17972177,September,Thursday,2017,PFE,0.004231311706629015
4462,2017-09-27,35.25,35.53,35.19,35.45,14583575,September,Wednesday,2017,PFE,0.004249291784702711
4461,2017-09-26,35.51,35.65,35.24,35.3,16879303,September,Tuesday,2017,PFE,-0.005913827090960317
4460,2017-09-25,35.9,36.03,35.44,35.51,21818850,September,Monday,2017,PFE,-0.012513904338153584
4459,2017-09-22,36.1,36.12,35.77,35.96,13767806,September,Friday,2017,PFE,-0.00027800945232132364
4458,2017-09-21,36.06,36.19,35.91,35.97,15533552,September,Thursday,2017,PFE,-0.0005557099194221485
4457,2017-09-20,35.93,36.21,35.81,35.99,25258706,September,Wednesday,2017,PFE,0.015232722143864572
4456,2017-09-19,35.66,35.66,35.35,35.45,15578746,September,Tuesday,2017,PFE,-0.002812939521800121
4455,2017-09-18,35.38,35.55,35.21,35.55,16934417,September,Monday,2017,PFE,0.00537330316742075
4454,2017-09-15,35.6,35.72,35.24,35.36,27633593,September,Friday,2017,PFE,-0.010355443604813807
4453,2017-09-14,35.05,35.84,35.0,35.73,27269152,September,Thursday,2017,PFE,0.019110096976611368
4452,2017-09-13,35.26,35.43,34.97,35.06,20852149,September,Wednesday,2017,PFE,-0.008764489680520078
4451,2017-09-12,34.38,35.75,34.36,35.37,37076020,September,Tuesday,2017,PFE,0.03059440559440552
4450,2017-09-11,34.09,34.34,33.98,34.32,15939754,September,Monday,2017,PFE,0.006451612903225773
4449,2017-09-08,33.95,34.25,33.8,34.1,14888637,September,Friday,2017,PFE,0.00323624595469254
4448,2017-09-07,34.04,34.13,33.81,33.99,17650974,September,Thursday,2017,PFE,0.0
4447,2017-09-06,33.95,34.11,33.91,33.99,12787010,September,Wednesday,2017,PFE,0.005621301775148072
4446,2017-09-05,33.88,34.17,33.75,33.8,14292226,September,Tuesday,2017,PFE,-0.004711425206124962
4445,2017-09-01,33.94,34.13,33.82,33.96,18005201,September,Friday,2017,PFE,0.0011792452830188427
4444,2017-08-31,33.5,34.02,33.48,33.92,25751462,August,Thursday,2017,PFE,0.014050822122570968
4443,2017-08-30,33.48,33.48,33.25,33.45,11619292,August,Wednesday,2017,PFE,-0.001492537313432751
4442,2017-08-29,33.43,33.55,33.24,33.5,12206794,August,Tuesday,2017,PFE,0.0008963250672244141
4441,2017-08-28,33.5,33.62,33.41,33.47,12208459,August,Monday,2017,PFE,0.00239592692422876
4440,2017-08-25,33.28,33.62,33.23,33.39,14360313,August,Friday,2017,PFE,0.00481492627144158
4439,2017-08-24,33.37,33.4,33.17,33.23,11401720,August,Thursday,2017,PFE,-0.00030084235860424537
4438,2017-08-23,33.07,33.39,33.07,33.24,15908845,August,Wednesday,2017,PFE,0.002714932126696936
4437,2017-08-22,32.76,33.22,32.7,33.15,13327015,August,Tuesday,2017,PFE,0.011904761904761923
4436,2017-08-21,32.6,32.87,32.32,32.76,15783272,August,Monday,2017,PFE,0.002754820936639005
4435,2017-08-18,32.91,32.97,32.65,32.67,15258721,August,Friday,2017,PFE,-0.008497723823975754
4434,2017-08-17,33.29,33.45,32.95,32.95,14384067,August,Thursday,2017,PFE,-0.012290167865707332
4433,2017-08-16,33.33,33.49,33.26,33.36,10310921,August,Wednesday,2017,PFE,-0.0005991611743559952
4432,2017-08-15,33.34,33.53,33.26,33.38,16912968,August,Tuesday,2017,PFE,0.0021014710297208128
4431,2017-08-14,33.33,33.37,33.14,33.31,12726722,August,Monday,2017,PFE,0.001804511278195557
4430,2017-08-11,33.5,33.57,33.21,33.25,12924847,August,Friday,2017,PFE,-0.005086774386594904
4429,2017-08-10,33.37,33.55,33.21,33.42,17979086,August,Thursday,2017,PFE,-0.0008968609865471191
4428,2017-08-09,33.34,33.46,33.16,33.45,13248375,August,Wednesday,2017,PFE,0.005108173076923128
4427,2017-08-08,33.33,33.46,33.22,33.28,14782169,August,Tuesday,2017,PFE,-0.0009006304413089502
4426,2017-08-07,33.55,33.59,33.25,33.31,12418124,August,Monday,2017,PFE,-0.009809750297265107
4425,2017-08-04,33.58,34.0,33.48,33.64,25664338,August,Friday,2017,PFE,0.006281782829793624
4424,2017-08-03,32.95,33.81,32.86,33.43,27245732,August,Thursday,2017,PFE,0.015492102065613546
4423,2017-08-02,32.87,32.92,32.7,32.92,28824530,August,Wednesday,2017,PFE,-0.004836759371221179
4422,2017-08-01,33.04,33.3,32.72,33.08,26329236,August,Tuesday,2017,PFE,-0.002412545235223109
4421,2017-07-31,33.21,33.39,33.14,33.16,21894569,July,Monday,2017,PFE,0.00030165912518847696
4420,2017-07-28,33.06,33.17,32.81,33.15,15366959,July,Friday,2017,PFE,0.004545454545454503
4419,2017-07-27,32.79,33.0,32.69,33.0,16379523,July,Thursday,2017,PFE,0.003344481605351153
4418,2017-07-26,33.09,33.1,32.83,32.89,15628182,July,Wednesday,2017,PFE,-0.006344410876132956
4417,2017-07-25,33.38,33.48,33.01,33.1,19506406,July,Tuesday,2017,PFE,-0.006602641056422534
4416,2017-07-24,33.38,33.45,33.17,33.32,14004353,July,Monday,2017,PFE,-0.004778972520907903
4415,2017-07-21,33.47,33.58,33.39,33.48,11875744,July,Friday,2017,PFE,-0.0017889087656530196
4414,2017-07-20,33.47,33.7,33.34,33.54,16113440,July,Thursday,2017,PFE,-0.002379535990481805
4413,2017-07-19,33.37,33.69,33.31,33.62,18282873,July,Wednesday,2017,PFE,0.007793764988009533
4412,2017-07-18,33.23,33.39,33.04,33.36,14513405,July,Tuesday,2017,PFE,0.003308270676691712
4411,2017-07-17,33.44,33.47,33.14,33.25,16255898,July,Monday,2017,PFE,-0.005384385282680219
4410,2017-07-14,33.27,33.55,33.24,33.43,12180866,July,Friday,2017,PFE,0.004507211538461496
4409,2017-07-13,33.22,33.34,32.99,33.28,13370541,July,Thursday,2017,PFE,0.0018061408789886296
4408,2017-07-12,33.34,33.53,33.2,33.22,13757095,July,Wednesday,2017,PFE,0.0015073861923423925
4407,2017-07-11,33.4,33.47,33.05,33.17,12011032,July,Tuesday,2017,PFE,-0.00718347800059847
4406,2017-07-10,33.36,33.53,33.24,33.41,13510024,July,Monday,2017,PFE,0.0017991004497749676
4405,2017-07-07,33.25,33.36,33.02,33.35,16239781,July,Friday,2017,PFE,0.003913305237808626
4404,2017-07-06,33.64,33.67,33.14,33.22,13800583,July,Thursday,2017,PFE,-0.012485136741973893
4403,2017-07-05,33.94,33.95,33.49,33.64,16078622,July,Wednesday,2017,PFE,-0.005322294500295675
4402,2017-07-03,33.48,33.97,33.47,33.82,8512300,July,Monday,2017,PFE,0.006847275974992463
4401,2017-06-30,33.73,33.8,33.51,33.59,12890882,June,Friday,2017,PFE,-0.001189414213499826
4400,2017-06-29,33.75,33.87,33.37,33.63,14900884,June,Thursday,2017,PFE,-0.00355555555555548
4399,2017-06-28,33.86,33.99,33.65,33.75,14764634,June,Wednesday,2017,PFE,-0.000592241634587004
4398,2017-06-27,34.13,34.13,33.75,33.77,15196493,June,Tuesday,2017,PFE,-0.007931844888366511
4397,2017-06-26,34.16,34.21,33.97,34.04,13789450,June,Monday,2017,PFE,-0.00380450687737789
4396,2017-06-23,34.08,34.22,33.97,34.17,28013577,June,Friday,2017,PFE,0.0032295948326482517
4395,2017-06-22,33.95,34.48,33.92,34.06,21354905,June,Thursday,2017,PFE,0.005312868949232577
4394,2017-06-21,33.58,34.1,33.58,33.88,25092187,June,Wednesday,2017,PFE,0.009535160905840294
4393,2017-06-20,33.21,33.75,33.15,33.56,25715840,June,Tuesday,2017,PFE,0.010234798314268616
4392,2017-06-19,32.94,33.25,32.91,33.22,20302521,June,Monday,2017,PFE,0.007582650894752805
4391,2017-06-16,32.98,33.13,32.81,32.97,31536588,June,Friday,2017,PFE,0.004876562023773136
4390,2017-06-15,32.62,33.03,32.56,32.81,18860251,June,Thursday,2017,PFE,0.003670847353931005
4389,2017-06-14,32.59,32.76,32.46,32.69,13727645,June,Wednesday,2017,PFE,0.0033763044812768397
4388,2017-06-13,32.71,32.78,32.52,32.58,17058247,June,Tuesday,2017,PFE,-0.003669724770642341
4387,2017-06-12,32.77,33.09,32.7,32.7,28862062,June,Monday,2017,PFE,-0.0021361000915471554
4386,2017-06-09,31.81,32.8,31.74,32.77,30061627,June,Friday,2017,PFE,0.0321259842519686
4385,2017-06-08,32.0,32.1,31.67,31.75,33665550,June,Thursday,2017,PFE,-0.0078125
4384,2017-06-07,32.08,32.16,31.9,32.0,16565221,June,Wednesday,2017,PFE,-0.002182725288431565
4383,2017-06-06,32.3,32.37,32.04,32.07,17817306,June,Tuesday,2017,PFE,-0.008655332302936665
4382,2017-06-05,32.51,32.58,32.2,32.35,14182720,June,Monday,2017,PFE,-0.005838967424707982
4381,2017-06-02,32.77,32.88,32.44,32.54,20695566,June,Friday,2017,PFE,-0.005197187404463519
4380,2017-06-01,32.67,32.85,32.52,32.71,23730729,June,Thursday,2017,PFE,0.0018376722817764863
4379,2017-05-31,32.28,32.79,32.13,32.65,28272611,May,Wednesday,2017,PFE,0.016184251478368997
4378,2017-05-30,32.06,32.31,32.02,32.13,15966822,May,Tuesday,2017,PFE,-0.00031113876789041724
4377,2017-05-26,32.18,32.29,32.1,32.14,11690500,May,Friday,2017,PFE,-0.000621890547263558
4376,2017-05-25,32.06,32.2,31.97,32.16,17278775,May,Thursday,2017,PFE,0.0034321372854914023
4375,2017-05-24,32.17,32.28,31.97,32.05,22368914,May,Wednesday,2017,PFE,-0.0028002489110144184
4374,2017-05-23,32.12,32.28,32.08,32.14,17528195,May,Tuesday,2017,PFE,0.0006226650062267473
4373,2017-05-22,32.5,32.5,32.12,32.12,25288474,May,Monday,2017,PFE,-0.010474430067775828
4372,2017-05-19,32.3,32.46,32.19,32.46,28240502,May,Friday,2017,PFE,0.007448789571694663
4371,2017-05-18,32.2,32.42,32.07,32.22,23446010,May,Thursday,2017,PFE,-0.000310269934843252
4370,2017-05-17,32.6,32.6,32.21,32.23,28174443,May,Wednesday,2017,PFE,-0.011349693251533882
4369,2017-05-16,32.56,32.8,32.39,32.6,39048483,May,Tuesday,2017,PFE,-0.015700483091787322
4368,2017-05-15,32.97,33.18,32.8,33.12,19399223,May,Monday,2017,PFE,0.0033323235383217035
4367,2017-05-12,32.89,33.07,32.89,33.01,17365717,May,Friday,2017,PFE,-0.0009079903147700102
4366,2017-05-11,32.99,33.14,32.85,33.04,19779473,May,Thursday,2017,PFE,0.0003027550711473815
4365,2017-05-10,33.0,33.12,32.9,33.03,27055345,May,Wednesday,2017,PFE,-0.010485320551228323
4364,2017-05-09,33.45,33.59,33.35,33.38,16499509,May,Tuesday,2017,PFE,-0.0020926756352765406
4363,2017-05-08,33.4,33.62,33.35,33.45,23336343,May,Monday,2017,PFE,-0.0008960573476700727
4362,2017-05-05,33.44,33.48,33.23,33.48,20877907,May,Friday,2017,PFE,0.0008968609865469066
4361,2017-05-04,33.44,33.59,33.32,33.45,25516908,May,Thursday,2017,PFE,-0.0005975500448161345
4360,2017-05-03,33.48,33.59,33.3,33.47,24610641,May,Wednesday,2017,PFE,-0.004165426956263035
4359,2017-05-02,33.58,33.72,32.88,33.61,40039530,May,Tuesday,2017,PFE,-0.005032563647128529
4358,2017-05-01,33.89,33.99,33.77,33.78,22344042,May,Monday,2017,PFE,-0.004127358490566054
4357,2017-04-28,33.88,33.94,33.75,33.92,15871879,April,Friday,2017,PFE,0.0017720023626698839
4356,2017-04-27,33.96,34.02,33.77,33.86,14791172,April,Thursday,2017,PFE,0.00029542097488915835
4355,2017-04-26,33.86,34.03,33.85,33.85,19662378,April,Wednesday,2017,PFE,0.002665876777251286
4354,2017-04-25,33.82,33.96,33.71,33.76,18297899,April,Tuesday,2017,PFE,0.0005927682276228814
4353,2017-04-24,33.98,34.03,33.65,33.74,21288924,April,Monday,2017,PFE,0.002972651605231909
4352,2017-04-21,33.64,33.73,33.47,33.64,24243076,April,Friday,2017,PFE,-0.002963841138115039
4351,2017-04-20,33.63,33.87,33.48,33.74,18348453,April,Thursday,2017,PFE,0.0038678964593871633
4350,2017-04-19,33.85,33.91,33.55,33.61,23913011,April,Wednesday,2017,PFE,-0.006796690307328722
4349,2017-04-18,33.76,33.88,33.66,33.84,21151220,April,Tuesday,2017,PFE,-0.004705882352941075
4348,2017-04-17,33.9,34.05,33.82,34.0,15145568,April,Monday,2017,PFE,0.003541912632821648
4347,2017-04-13,33.88,34.02,33.82,33.88,12865826,April,Thursday,2017,PFE,-0.0011792452830188427
4346,2017-04-12,33.88,33.99,33.71,33.92,24689361,April,Wednesday,2017,PFE,-0.0002947244326554085
4345,2017-04-11,34.02,34.08,33.74,33.93,19123012,April,Tuesday,2017,PFE,-0.0032314923619271283
4344,2017-04-10,34.13,34.22,33.97,34.04,15989255,April,Monday,2017,PFE,-0.0017595307917889227
4343,2017-04-07,34.09,34.25,34.04,34.1,13973210,April,Friday,2017,PFE,-0.00029316915860445647
4342,2017-04-06,34.14,34.35,34.06,34.11,16285254,April,Thursday,2017,PFE,-0.0023398654577361307
4341,2017-04-05,34.33,34.52,34.15,34.19,19280079,April,Wednesday,2017,PFE,-0.0043680838672104155
4340,2017-04-04,34.18,34.5,34.05,34.34,19282949,April,Tuesday,2017,PFE,0.002920560747663593
4339,2017-04-03,34.11,34.35,34.1,34.24,18088044,April,Monday,2017,PFE,0.0008769365682549295
4338,2017-03-31,34.21,34.38,34.16,34.21,18611785,March,Friday,2017,PFE,-0.00407569141193597
4337,2017-03-30,34.19,34.44,34.15,34.35,14993815,March,Thursday,2017,PFE,0.0005825808330906827
4336,2017-03-29,34.16,34.45,34.11,34.33,17281021,March,Wednesday,2017,PFE,0.004976580796252978
4335,2017-03-28,34.06,34.26,33.97,34.16,18336548,March,Tuesday,2017,PFE,-0.0005851375073143104
4334,2017-03-27,33.74,34.31,33.74,34.18,17886174,March,Monday,2017,PFE,0.0052941176470588155
4333,2017-03-24,34.27,34.27,33.94,34.0,27118654,March,Friday,2017,PFE,-0.008457276173811583
4332,2017-03-23,34.32,34.56,34.23,34.29,20283431,March,Thursday,2017,PFE,-0.005221932114882499
4331,2017-03-22,34.3,34.54,33.99,34.47,26117870,March,Wednesday,2017,PFE,0.006423357664233543
4330,2017-03-21,34.48,34.61,34.18,34.25,31388495,March,Tuesday,2017,PFE,-0.0037812681791740133
4329,2017-03-20,34.4,34.5,34.32,34.38,17490950,March,Monday,2017,PFE,0.0017482517482518144
4328,2017-03-17,34.46,34.58,34.27,34.32,43392929,March,Friday,2017,PFE,-0.003194888178913721
4327,2017-03-16,34.57,34.63,34.25,34.43,20698492,March,Thursday,2017,PFE,-0.005775339301184026
4326,2017-03-15,34.22,34.7,34.18,34.63,23035916,March,Wednesday,2017,PFE,0.011981297486849904
4325,2017-03-14,34.02,34.33,33.98,34.22,14766085,March,Tuesday,2017,PFE,0.003224860744649646
4324,2017-03-13,34.14,34.15,33.91,34.11,18964029,March,Monday,2017,PFE,0.0
4323,2017-03-10,34.14,34.32,34.0,34.11,19179038,March,Friday,2017,PFE,0.0017621145374450008
4322,2017-03-09,33.88,34.14,33.78,34.05,19164707,March,Thursday,2017,PFE,0.004128575641403733
4321,2017-03-08,33.91,34.1,33.72,33.91,22647434,March,Wednesday,2017,PFE,-0.0023536334215947447
4320,2017-03-07,33.87,34.2,33.75,33.99,29203769,March,Tuesday,2017,PFE,-0.010480349344978148
4319,2017-03-06,34.33,34.47,34.08,34.35,18191883,March,Monday,2017,PFE,-0.004924681344148369
4318,2017-03-03,34.51,34.65,34.36,34.52,18837249,March,Friday,2017,PFE,0.00028977108084627984
4317,2017-03-02,34.46,34.75,34.42,34.51,25571698,March,Thursday,2017,PFE,0.002614758861127144
4316,2017-03-01,34.27,34.53,34.05,34.42,32291229,March,Wednesday,2017,PFE,0.008792497069167769
4315,2017-02-28,34.1,34.26,33.91,34.12,27480505,February,Tuesday,2017,PFE,-0.004667444574095791
4314,2017-02-27,34.23,34.46,34.16,34.28,21830284,February,Monday,2017,PFE,0.0005837711617047031
4313,2017-02-24,34.17,34.35,33.99,34.26,24711954,February,Friday,2017,PFE,0.005871990604814907
4312,2017-02-23,33.7,34.12,33.58,34.06,30477129,February,Thursday,2017,PFE,0.013992259601071713
4311,2017-02-22,33.57,33.75,33.25,33.59,27207299,February,Wednesday,2017,PFE,-0.0008923259964305185
4310,2017-02-21,33.57,33.8,33.48,33.62,24089633,February,Tuesday,2017,PFE,0.0
4309,2017-02-17,33.59,33.89,33.53,33.62,34992631,February,Friday,2017,PFE,0.0
4308,2017-02-16,33.45,33.89,33.22,33.62,38332300,February,Thursday,2017,PFE,0.0032826022082960145
4307,2017-02-15,32.78,33.58,32.69,33.51,45574488,February,Wednesday,2017,PFE,0.02320610687022895
4306,2017-02-14,32.53,32.77,32.35,32.75,22962941,February,Tuesday,2017,PFE,0.004293161606869076
4305,2017-02-13,32.44,32.69,32.44,32.61,20620122,February,Monday,2017,PFE,0.008037094281298238
4304,2017-02-10,32.41,32.45,32.23,32.35,21907167,February,Friday,2017,PFE,-0.0009264978381717461
4303,2017-02-09,32.14,32.54,32.14,32.38,23816348,February,Thursday,2017,PFE,0.007467330429371561
4302,2017-02-08,31.92,32.35,31.92,32.14,19159314,February,Wednesday,2017,PFE,0.0018703241895262558
4301,2017-02-07,32.32,32.35,31.94,32.08,23511655,February,Tuesday,2017,PFE,-0.004654049022649661
4300,2017-02-06,32.0,32.33,31.94,32.23,24533170,February,Monday,2017,PFE,0.004362729822374368
4299,2017-02-03,32.05,32.24,31.92,32.09,35987524,February,Friday,2017,PFE,0.011345729593444785
4298,2017-02-02,31.47,31.73,31.32,31.73,23372299,February,Thursday,2017,PFE,0.001894537417113948
4297,2017-02-01,31.51,31.69,31.26,31.67,28491469,February,Wednesday,2017,PFE,-0.0018909549322407406
4296,2017-01-31,31.01,31.93,30.9343,31.73,37429330,January,Tuesday,2017,PFE,0.013414244650271532
4295,2017-01-30,31.47,31.5,31.06,31.31,27457164,January,Monday,2017,PFE,-0.003500954805856237
4294,2017-01-27,31.47,31.54,31.26,31.42,24052835,January,Friday,2017,PFE,0.004475703324808202
4293,2017-01-26,31.4,31.47,31.2,31.28,27183258,January,Thursday,2017,PFE,-0.00031959092361770567
4292,2017-01-25,31.36,31.52,31.1,31.29,32168240,January,Wednesday,2017,PFE,0.004494382022471929
4291,2017-01-24,31.4,31.46,30.9,31.15,29625416,January,Tuesday,2017,PFE,-0.00985378258105538
4290,2017-01-23,31.68,31.82,31.44,31.46,24760677,January,Monday,2017,PFE,-0.009757632987094705
4289,2017-01-20,31.72,32.12,31.66,31.77,30156745,January,Friday,2017,PFE,0.0022082018927444885
4288,2017-01-19,32.06,32.09,31.53,31.7,26144122,January,Thursday,2017,PFE,-0.010302841086481482
4287,2017-01-18,32.09,32.275,31.95,32.03,21469433,January,Wednesday,2017,PFE,-0.0009357454772302287
4286,2017-01-17,32.35,32.38,31.78,32.06,32104523,January,Tuesday,2017,PFE,-0.014145141451414541
4285,2017-01-13,32.67,32.78,32.33,32.52,20291171,January,Friday,2017,PFE,-0.002453987730061297
4284,2017-01-12,32.53,32.62,32.3,32.6,31760207,January,Thursday,2017,PFE,-0.007005787389582604
4283,2017-01-11,33.37,33.54,32.4,32.83,40439412,January,Wednesday,2017,PFE,-0.01824162679425836
4282,2017-01-10,33.59,33.66,33.32,33.44,19397333,January,Tuesday,2017,PFE,-0.0008963250672244141
4281,2017-01-09,33.43,33.67,33.38,33.47,20455130,January,Monday,2017,PFE,-0.00029868578255669087
4280,2017-01-06,33.66,33.7,33.34,33.48,17474593,January,Friday,2017,PFE,-0.0038678964593871633
4279,2017-01-05,33.37,33.69,33.12,33.61,20003066,January,Thursday,2017,PFE,0.009612496245118665
4278,2017-01-04,33.13,33.35,33.03,33.29,21588116,January,Wednesday,2017,PFE,0.008787878787878761
4277,2017-01-03,32.7,33.0,32.59,33.0,22193434,January,Tuesday,2017,PFE,0.01600985221674887
4276,2016-12-30,32.34,32.6,32.31,32.48,18866618,December,Friday,2016,PFE,-0.00030778701138827684
4275,2016-12-29,32.39,32.62,32.37,32.49,14067567,December,Thursday,2016,PFE,0.004327666151468333
4274,2016-12-28,32.5,32.69,32.34,32.35,13938755,December,Wednesday,2016,PFE,-0.005533353827236388
4273,2016-12-27,32.57,32.72,32.48,32.53,11220052,December,Tuesday,2016,PFE,0.0015394088669952054
4272,2016-12-23,32.41,32.56,32.36,32.48,10804464,December,Friday,2016,PFE,0.004329004329004126
4271,2016-12-22,32.29,32.43,32.05,32.34,18613336,December,Thursday,2016,PFE,-0.0018518518518517027
4270,2016-12-21,32.73,32.93,32.33,32.4,18739577,December,Wednesday,2016,PFE,-0.013698630136986387
4269,2016-12-20,32.78,32.88,32.57,32.85,25074289,December,Tuesday,2016,PFE,0.000609198903442069
4268,2016-12-19,32.76,32.97,32.72,32.83,24930649,December,Monday,2016,PFE,-0.00030450669914753697
4267,2016-12-16,32.88,32.94,32.52,32.84,36843862,December,Friday,2016,PFE,0.002748091603053539
4266,2016-12-15,32.63,32.955,32.6,32.75,20877122,December,Thursday,2016,PFE,-0.0021328458257160354
4265,2016-12-14,32.92,33.3,32.64,32.82,36345898,December,Wednesday,2016,PFE,-0.0003045994517209263
4264,2016-12-13,32.81,32.88,32.56,32.83,28760300,December,Tuesday,2016,PFE,0.013271604938271595
4263,2016-12-12,31.7,32.65,31.66,32.4,32255395,December,Monday,2016,PFE,0.02208201892744477
4262,2016-12-09,31.11,31.92,31.09,31.7,29350843,December,Friday,2016,PFE,0.024563671622495085
4261,2016-12-08,30.84,31.1,30.51,30.94,35478489,December,Thursday,2016,PFE,-0.008015389547932029
4260,2016-12-07,31.33,31.33,30.605,31.19,44053675,December,Wednesday,2016,PFE,-0.011723700887198905
4259,2016-12-06,31.65,31.7,31.43,31.56,17706806,December,Tuesday,2016,PFE,-0.0009496676163343187
4258,2016-12-05,31.74,31.7667,31.39,31.59,19300328,December,Monday,2016,PFE,-0.0012646221941194798
4257,2016-12-02,31.54,31.73,31.36,31.63,19007839,December,Friday,2016,PFE,0.005403687221868981
4256,2016-12-01,32.25,32.25,31.4,31.46,30606411,December,Thursday,2016,PFE,-0.021157436216552573
4255,2016-11-30,31.98,32.365,31.75,32.14,38517286,November,Wednesday,2016,PFE,0.006892230576441067
4254,2016-11-29,31.85,31.97,31.61,31.92,21641779,November,Tuesday,2016,PFE,0.01204819277108442
4253,2016-11-28,31.69,31.835,31.5,31.54,17735150,November,Monday,2016,PFE,-0.004733354370463936
4252,2016-11-25,31.6,31.74,31.55,31.69,10452948,November,Friday,2016,PFE,0.008593252705283246
4251,2016-11-23,31.18,31.45,30.63,31.42,21270415,November,Wednesday,2016,PFE,0.0028726460261731053
4250,2016-11-22,31.93,31.99,31.05,31.33,26434349,November,Tuesday,2016,PFE,-0.007602153943617421
4249,2016-11-21,31.51,31.69,31.49,31.57,21872759,November,Monday,2016,PFE,0.002858958068614989
4248,2016-11-18,31.95,31.95,31.44,31.48,24156427,November,Friday,2016,PFE,-0.00787897888433659
4247,2016-11-17,32.01,32.12,31.68,31.73,26091501,November,Thursday,2016,PFE,-0.0071964956195244185
4246,2016-11-16,32.2,32.33,31.93,31.96,22640492,November,Wednesday,2016,PFE,-0.008377288240769347
4245,2016-11-15,32.76,32.76,31.88,32.23,29614279,November,Tuesday,2016,PFE,-0.00463248919085873
4244,2016-11-14,32.85,32.9,32.13,32.38,30568352,November,Monday,2016,PFE,-0.0064436943847806325
4243,2016-11-11,33.22,33.34,32.19,32.59,35803589,November,Friday,2016,PFE,-0.026873693639892463
4242,2016-11-10,33.32,33.83,32.85,33.49,67274100,November,Thursday,2016,PFE,0.04265255292652567
4241,2016-11-09,33.01,33.37,31.5,32.12,118753768,November,Wednesday,2016,PFE,0.07066666666666659
4240,2016-11-08,30.13,30.45,29.96,30.0,35448913,November,Tuesday,2016,PFE,-0.012508229098090821
4239,2016-11-07,30.23,30.44,30.08,30.38,30877493,November,Monday,2016,PFE,0.012666666666666632
4238,2016-11-04,29.91,30.37,29.9,30.0,35027181,November,Friday,2016,PFE,0.003680160588825675
4237,2016-11-03,30.7,30.7,29.83,29.89,36328551,November,Thursday,2016,PFE,-0.02415932092719551
4236,2016-11-02,30.99,31.04,30.36,30.63,36076608,November,Wednesday,2016,PFE,-0.014161570646926337
4235,2016-11-01,30.94,31.72,30.75,31.07,54346593,November,Tuesday,2016,PFE,-0.02018290760012616
4234,2016-10-31,32.04,32.04,31.61,31.71,35940394,October,Monday,2016,PFE,-0.006890072032571214
4233,2016-10-28,32.52,32.56,31.88,31.93,28508116,October,Friday,2016,PFE,-0.016933497536945726
4232,2016-10-27,32.58,32.81,32.37,32.48,18253037,October,Thursday,2016,PFE,0.002469135802469084
4231,2016-10-26,32.28,32.6,32.15,32.4,17102457,October,Wednesday,2016,PFE,0.0037174721189590283
4230,2016-10-25,32.02,32.37,31.985,32.28,19335576,October,Tuesday,2016,PFE,0.004668534080298742
4229,2016-10-24,32.3,32.36,32.05,32.13,19586068,October,Monday,2016,PFE,-0.001553760099440558
4228,2016-10-21,32.42,32.45,32.18,32.18,18834761,October,Friday,2016,PFE,-0.011063306699446815
4227,2016-10-20,32.49,32.735,32.49,32.54,19292363,October,Thursday,2016,PFE,-0.0018404907975460817
4226,2016-10-19,32.75,32.845,32.49,32.6,16363791,October,Wednesday,2016,PFE,-0.002753135515448037
4225,2016-10-18,32.74,32.869,32.61,32.69,14823626,October,Tuesday,2016,PFE,0.005846153846153776
4224,2016-10-17,32.58,32.71,32.48,32.5,16923468,October,Monday,2016,PFE,-0.004898958971218512
4223,2016-10-14,32.73,32.9,32.66,32.66,15569339,October,Friday,2016,PFE,-0.0030525030525030963
4222,2016-10-13,32.57,32.9,32.52,32.76,24182290,October,Thursday,2016,PFE,-0.009374055034774788
4221,2016-10-12,33.14,33.245,32.94,33.07,15138628,October,Wednesday,2016,PFE,-0.001811047389073416
4220,2016-10-11,33.56,33.57,32.94,33.13,17330819,October,Tuesday,2016,PFE,-0.014281463850044538
4219,2016-10-10,33.65,33.84,33.57,33.61,16383660,October,Monday,2016,PFE,0.0014898688915374598
4218,2016-10-07,33.7,34.0,33.42,33.56,14819606,October,Friday,2016,PFE,-0.002674591381872105
4217,2016-10-06,33.78,33.8,33.47,33.65,15948590,October,Thursday,2016,PFE,-0.007374631268436578
4216,2016-10-05,33.73,33.98,33.68,33.9,13945331,October,Wednesday,2016,PFE,0.005338078291814938
4215,2016-10-04,33.61,33.905,33.51,33.72,20901129,October,Tuesday,2016,PFE,0.0011876484560569818
4214,2016-10-03,33.73,33.73,33.38,33.68,17895882,October,Monday,2016,PFE,-0.0056096840862119215
4213,2016-09-30,33.44,34.02,33.4,33.87,28593974,September,Friday,2016,PFE,0.016506602641056342
4212,2016-09-29,33.94,34.07,33.3,33.32,25043966,September,Thursday,2016,PFE,-0.01971167990585472
4211,2016-09-28,33.85,34.0,33.69,33.99,14307758,September,Wednesday,2016,PFE,0.004729530002956066
4210,2016-09-27,33.78,33.88,33.48,33.83,15610585,September,Tuesday,2016,PFE,0.005648038049940479
4209,2016-09-26,33.92,34.01,33.42,33.64,29522782,September,Monday,2016,PFE,-0.01809690601284289
4208,2016-09-23,34.16,34.37,34.01,34.26,12937101,September,Friday,2016,PFE,0.0032210834553440537
4207,2016-09-22,34.33,34.43,34.07,34.15,16736628,September,Thursday,2016,PFE,-0.003792298716452817
4206,2016-09-21,33.9,34.33,33.74,34.28,15557394,September,Wednesday,2016,PFE,0.0139012126589766
4205,2016-09-20,33.84,33.94,33.6,33.81,14113245,September,Tuesday,2016,PFE,0.00475482912332849
4204,2016-09-19,33.99,34.03,33.59,33.65,17542252,September,Monday,2016,PFE,-0.008544490276959315
4203,2016-09-16,34.19,34.22,33.83,33.94,25615434,September,Friday,2016,PFE,-0.0058582308142941675
4202,2016-09-15,33.89,34.33,33.55,34.14,20851844,September,Thursday,2016,PFE,0.005892751915144457
4201,2016-09-14,34.12,34.35,33.86,33.94,18903945,September,Wednesday,2016,PFE,-0.0029377203290247185
4200,2016-09-13,34.44,34.44,33.85,34.04,20757597,September,Tuesday,2016,PFE,-0.017604617604617588
4199,2016-09-12,34.0,34.73,33.94,34.65,19423820,September,Monday,2016,PFE,0.016129032258064432
4198,2016-09-09,34.55,34.59,34.09,34.1,22386204,September,Friday,2016,PFE,-0.017857142857142783
4197,2016-09-08,34.71,34.81,34.62,34.72,18231711,September,Thursday,2016,PFE,-0.003444316877152828
4196,2016-09-07,34.72,34.89,34.68,34.84,14815515,September,Wednesday,2016,PFE,0.002013229795800986
4195,2016-09-06,34.88,34.99,34.75,34.77,16965763,September,Tuesday,2016,PFE,0.0
4194,2016-09-02,34.78,34.84,34.61,34.77,14435749,September,Friday,2016,PFE,0.002595155709342659
4193,2016-09-01,34.73,34.94,34.61,34.68,15921155,September,Thursday,2016,PFE,-0.003448275862068892
4192,2016-08-31,34.86,34.94,34.61,34.8,20796612,August,Wednesday,2016,PFE,-0.0022935779816515307
4191,2016-08-30,35.11,35.18,34.85,34.88,14492181,August,Tuesday,2016,PFE,-0.006550840216462457
4190,2016-08-29,34.94,35.17,34.815,35.11,15124585,August,Monday,2016,PFE,0.008328546812176886
4189,2016-08-26,34.8,35.1,34.66,34.82,18771960,August,Friday,2016,PFE,0.0014380212827149025
4188,2016-08-25,34.760999999999996,35.19,34.66,34.77,18098582,August,Thursday,2016,PFE,-0.0014359563469269715
4187,2016-08-24,35.23,35.38,34.76,34.82,22537388,August,Wednesday,2016,PFE,-0.00769449985750935
4186,2016-08-23,35.0,35.27,34.91,35.09,16957889,August,Tuesday,2016,PFE,0.007175660160734788
4185,2016-08-22,34.8,35.28,34.76,34.84,26042442,August,Monday,2016,PFE,-0.0040022870211547604
4184,2016-08-19,35.06,35.12,34.825,34.98,19568107,August,Friday,2016,PFE,-0.005967604433077604
4183,2016-08-18,35.14,35.36,34.99,35.19,16131301,August,Thursday,2016,PFE,0.0014228799089356047
4182,2016-08-17,34.75,35.15,34.75,35.14,17040660,August,Wednesday,2016,PFE,0.010060362173038273
4181,2016-08-16,34.94,35.08,34.77,34.79,15127343,August,Tuesday,2016,PFE,-0.009114212475078334
4180,2016-08-15,35.05,35.17,34.93,35.11,12354034,August,Monday,2016,PFE,0.003716409376786809
4179,2016-08-12,35.08,35.11,34.75,34.98,15028766,August,Friday,2016,PFE,-0.004836415362731201
4178,2016-08-11,35.13,35.28,35.1,35.15,13384075,August,Thursday,2016,PFE,0.0005693139766580138
4177,2016-08-10,35.17,35.18,34.91,35.13,14124597,August,Wednesday,2016,PFE,0.0014253135689852984
4176,2016-08-09,34.99,35.295,34.9,35.08,17129391,August,Tuesday,2016,PFE,0.00429430289149724
4175,2016-08-08,35.28,35.28,34.71,34.93,30540238,August,Monday,2016,PFE,-0.014390519187358862
4174,2016-08-05,35.36,35.53,35.22,35.44,27196405,August,Friday,2016,PFE,0.008250355618776647
4173,2016-08-04,35.5,35.52,35.15,35.15,25125702,August,Thursday,2016,PFE,-0.0039671294984415005
4172,2016-08-03,35.91,35.95,35.06,35.29,42637236,August,Wednesday,2016,PFE,-0.03049450549450548
4171,2016-08-02,36.76,36.82,36.13,36.4,33125741,August,Tuesday,2016,PFE,-0.02439024390243912
4170,2016-08-01,37.02,37.39,36.98,37.31,28364673,August,Monday,2016,PFE,0.011385199240986764
4169,2016-07-29,36.68,36.95,36.65,36.89,21495736,July,Friday,2016,PFE,0.005999454595036782
4168,2016-07-28,36.88,36.91,36.5,36.67,16256954,July,Thursday,2016,PFE,-0.0048846675712347284
4167,2016-07-27,36.75,36.92,36.65,36.85,15052660,July,Wednesday,2016,PFE,0.0005430355688298431
4166,2016-07-26,36.83,36.87,36.65,36.83,12119308,July,Tuesday,2016,PFE,0.0013594344752582152
4165,2016-07-25,36.8,36.84,36.51,36.78,12175264,July,Monday,2016,PFE,0.00108873162765376
4164,2016-07-22,36.8,36.84,36.68,36.74,13481509,July,Friday,2016,PFE,0.0008172160174339726
4163,2016-07-21,36.67,36.82,36.52,36.71,13212464,July,Thursday,2016,PFE,0.0008178844056706963
4162,2016-07-20,36.9,36.93,36.68,36.68,12274252,July,Wednesday,2016,PFE,0.0010917030567685355
4161,2016-07-19,36.67,36.87,36.55,36.64,16712509,July,Tuesday,2016,PFE,0.0
4160,2016-07-18,36.69,36.99,36.55,36.64,16914164,July,Monday,2016,PFE,-0.003535490889312008
4159,2016-07-15,36.97,37.19,36.63,36.77,25089811,July,Friday,2016,PFE,-0.004062838569880785
4158,2016-07-14,36.49,36.96,36.25,36.92,27661088,July,Thursday,2016,PFE,0.016799779675020637
4157,2016-07-13,36.28,36.43,36.21,36.31,13862889,July,Wednesday,2016,PFE,0.00193156732891833
4156,2016-07-12,36.15,36.3,36.03,36.24,16190343,July,Tuesday,2016,PFE,0.0024896265560166927
4155,2016-07-11,36.07,36.35,36.03,36.15,16515041,July,Monday,2016,PFE,0.0008305647840531878
4154,2016-07-08,35.88,36.19,35.7,36.12,17792142,July,Friday,2016,PFE,0.009784735812132912
4153,2016-07-07,35.79,35.93,35.555,35.77,18103472,July,Thursday,2016,PFE,-0.002509760178471732
4152,2016-07-06,35.82,35.9,35.38,35.86,25831765,July,Wednesday,2016,PFE,0.0013962580284835842
4151,2016-07-05,35.54,35.92,35.45,35.81,20846895,July,Tuesday,2016,PFE,0.006747258926061344
4150,2016-07-01,35.15,35.65,35.115,35.57,19327287,July,Friday,2016,PFE,0.010224368077250764
4149,2016-06-30,35.14,35.27,34.94,35.21,26993796,June,Thursday,2016,PFE,0.005712653527563635
4148,2016-06-29,34.62,35.15,34.57,35.01,24864130,June,Wednesday,2016,PFE,0.01655052264808363
4147,2016-06-28,34.15,34.47,33.915,34.44,23784176,June,Tuesday,2016,PFE,0.018934911242603568
4146,2016-06-27,33.8,33.98,33.53,33.8,29846683,June,Monday,2016,PFE,-0.005004415660877296
4145,2016-06-24,33.8,34.45,33.74,33.97,43996523,June,Friday,2016,PFE,-0.017924255565192386
4144,2016-06-23,34.7,34.74,34.3,34.59,23823062,June,Thursday,2016,PFE,0.00348128807658847
4143,2016-06-22,34.74,34.9464,34.41,34.47,25156802,June,Wednesday,2016,PFE,-0.008057553956834565
4142,2016-06-21,34.51,34.88,34.51,34.75,25356574,June,Tuesday,2016,PFE,0.007246376811594203
4141,2016-06-20,34.48,34.7,34.18,34.5,22594776,June,Monday,2016,PFE,0.008182349503214528
4140,2016-06-17,34.78,34.81,34.055,34.22,33608565,June,Friday,2016,PFE,-0.015251798561151112
4139,2016-06-16,34.68,34.79,34.42,34.75,22334504,June,Thursday,2016,PFE,-0.0011497556769186302
4138,2016-06-15,35.01,35.19,34.65,34.79,20277583,June,Wednesday,2016,PFE,-0.005715918833952639
4137,2016-06-14,34.6,35.03,34.58,34.99,31698667,June,Tuesday,2016,PFE,0.007196315486470927
4136,2016-06-13,35.02,35.15,34.7,34.74,29690367,June,Monday,2016,PFE,-0.015585151601020041
4135,2016-06-10,35.11,35.39,35.02,35.29,20536448,June,Friday,2016,PFE,-0.0005664117813651412
4134,2016-06-09,35.05,35.5,35.03,35.31,24135366,June,Thursday,2016,PFE,0.001702127659574533
4133,2016-06-08,34.77,35.33,34.67,35.25,22488810,June,Wednesday,2016,PFE,0.011768082663604951
4132,2016-06-07,34.84,34.99,34.75,34.84,23507519,June,Tuesday,2016,PFE,-0.0025765817348982626
4131,2016-06-06,34.7,34.99,34.62,34.93,20423741,June,Monday,2016,PFE,0.00691842029403292
4130,2016-06-03,34.87,34.88,34.45,34.69,26922708,June,Friday,2016,PFE,-0.005162030398623451
4129,2016-06-02,34.69,34.99,34.52,34.87,30178076,June,Thursday,2016,PFE,0.0034532374100718693
4128,2016-06-01,34.65,34.935,34.62,34.75,23113119,June,Wednesday,2016,PFE,0.001440922190201647
4127,2016-05-31,34.67,34.75,34.38,34.7,32776206,May,Tuesday,2016,PFE,0.0026004045073679113
4126,2016-05-27,34.38,34.75,34.38,34.61,20464000,May,Friday,2016,PFE,0.0052279988382224725
4125,2016-05-26,34.26,34.65,34.26,34.43,25290520,May,Thursday,2016,PFE,0.002328966521106209
4124,2016-05-25,34.12,34.4,34.07,34.35,21036679,May,Wednesday,2016,PFE,0.007331378299120234
4123,2016-05-24,33.69,34.18,33.69,34.1,28357839,May,Tuesday,2016,PFE,0.012771012771012762
4122,2016-05-23,33.83,33.91,33.65,33.67,23839518,May,Monday,2016,PFE,-0.0020746887966805053
4121,2016-05-20,33.48,33.9,33.45,33.74,34570246,May,Friday,2016,PFE,0.010784901138406213
4120,2016-05-19,33.16,33.43,32.96,33.38,26656342,May,Thursday,2016,PFE,0.0063310220078384325
4119,2016-05-18,33.01,33.38,32.97,33.17,19957157,May,Wednesday,2016,PFE,0.0042385709960642
4118,2016-05-17,33.27,33.34,32.92,33.03,31475455,May,Tuesday,2016,PFE,-0.010485320551228323
4117,2016-05-16,32.93,33.43,32.81,33.38,22048594,May,Monday,2016,PFE,0.005724615848147178
4116,2016-05-13,33.33,33.45,33.135,33.19,20514652,May,Friday,2016,PFE,0.0
4115,2016-05-12,33.22,33.285,32.92,33.19,25376103,May,Thursday,2016,PFE,0.0009047044632087195
4114,2016-05-11,33.46,33.56,33.15,33.16,30395692,May,Wednesday,2016,PFE,-0.019225081336882745
4113,2016-05-10,33.83,33.87,33.48,33.81,24783946,May,Tuesday,2016,PFE,-0.00029568302779414576
4112,2016-05-09,33.54,33.955,33.52,33.82,31481970,May,Monday,2016,PFE,0.007147111375819
4111,2016-05-06,33.38,33.59,33.2,33.58,23170974,May,Friday,2016,PFE,0.00029788501638361664
4110,2016-05-05,33.37,33.725,33.3,33.57,23763629,May,Thursday,2016,PFE,0.005089820359281488
4109,2016-05-04,33.67,33.9,33.33,33.4,36072695,May,Wednesday,2016,PFE,-0.008902077151335437
4108,2016-05-03,33.65,33.97,33.25,33.7,71530759,May,Tuesday,2016,PFE,0.027439024390244083
4107,2016-05-02,32.56,33.0,32.5,32.8,38066813,May,Monday,2016,PFE,0.0027514521553040753
4106,2016-04-29,32.87,32.95,32.43,32.71,34213068,April,Friday,2016,PFE,-0.006077180188392457
4105,2016-04-28,32.97,33.18,32.7455,32.91,33034172,April,Thursday,2016,PFE,-0.0027272727272728307
4104,2016-04-27,32.98,33.21,32.9,33.0,26093978,April,Wednesday,2016,PFE,-0.0015128593040846345
4103,2016-04-26,33.2,33.33,32.92,33.05,28741104,April,Tuesday,2016,PFE,-0.004817825956037449
4102,2016-04-25,33.13,33.27,33.0,33.21,24259539,April,Monday,2016,PFE,-0.0018034265103697707
4101,2016-04-22,33.25,33.5,33.07,33.27,26137121,April,Friday,2016,PFE,0.0009025270758123086
4100,2016-04-21,33.06,33.48,33.04,33.24,34178494,April,Thursday,2016,PFE,0.00030093289196524576
4099,2016-04-20,32.85,33.4,32.85,33.23,35086709,April,Wednesday,2016,PFE,0.010337488598358051
4098,2016-04-19,32.8,33.2,32.74,32.89,28420227,April,Tuesday,2016,PFE,0.008586323213738152
4097,2016-04-18,32.3,32.86,32.29,32.61,36999036,April,Monday,2016,PFE,0.003384615384615367
4096,2016-04-15,32.65,32.785,32.3,32.5,35274247,April,Friday,2016,PFE,-0.0045941807044409975
4095,2016-04-14,32.48,32.78,32.33,32.65,31953813,April,Thursday,2016,PFE,0.0033804548248309602
4094,2016-04-13,32.06,32.61,31.97,32.54,36460300,April,Wednesday,2016,PFE,0.018147684605757143
4093,2016-04-12,31.9,32.14,31.8,31.96,42861812,April,Tuesday,2016,PFE,0.002195045468799005
4092,2016-04-11,32.52,32.565,31.87,31.89,83232108,April,Monday,2016,PFE,-0.01876923076923076
4091,2016-04-08,32.83,32.9,32.28,32.5,52748839,April,Friday,2016,PFE,-0.007936507936507877
4090,2016-04-07,32.55,33.08,32.5,32.76,61377946,April,Thursday,2016,PFE,-0.005162465836623192
4089,2016-04-06,31.54,33.0,31.53,32.93,150392459,April,Wednesday,2016,PFE,0.050063775510204085
4088,2016-04-05,31.21,31.75,30.575,31.36,284462324,April,Tuesday,2016,PFE,0.02083333333333336
4087,2016-04-04,30.09,30.75,30.06,30.72,50307022,April,Monday,2016,PFE,0.02263648468708388
4086,2016-04-01,29.44,30.17,29.41,30.04,48363680,April,Friday,2016,PFE,0.013495276653171342
4085,2016-03-31,30.06,30.169,29.51,29.64,56791225,March,Thursday,2016,PFE,-0.014299966744263376
4084,2016-03-30,30.15,30.21,30.01,30.07,32090505,March,Wednesday,2016,PFE,0.0006655574043261088
4083,2016-03-29,29.82,30.19,29.71,30.05,34596245,March,Tuesday,2016,PFE,0.009066487575554049
4082,2016-03-28,30.09,30.22,29.74,29.78,31166230,March,Monday,2016,PFE,-0.009973404255319056
4081,2016-03-24,30.12,30.275,29.88,30.08,31943509,March,Thursday,2016,PFE,-0.0036435905929116594
4080,2016-03-23,30.43,30.61,30.1,30.19,40779992,March,Wednesday,2016,PFE,-0.00625411454904535
4079,2016-03-22,30.03,30.56,29.89,30.38,40683675,March,Tuesday,2016,PFE,0.010309278350515422
4078,2016-03-21,29.45,30.12,29.44,30.07,35222187,March,Monday,2016,PFE,0.021052631578947403
4077,2016-03-18,29.5,29.65,29.17,29.45,81904356,March,Friday,2016,PFE,0.003749147920927042
4076,2016-03-17,29.12,29.575,28.74,29.34,66870278,March,Thursday,2016,PFE,0.01033057851239672
4075,2016-03-16,29.52,29.52,28.865,29.04,91225370,March,Wednesday,2016,PFE,-0.016926201760324982
4074,2016-03-15,29.88,29.925,29.3,29.54,54670155,March,Tuesday,2016,PFE,-0.01860465116279077
4073,2016-03-14,30.27,30.34,29.95,30.1,46763806,March,Monday,2016,PFE,-0.013114754098360607
4072,2016-03-11,29.78,30.5,29.73,30.5,60375226,March,Friday,2016,PFE,0.030753632984116264
4071,2016-03-10,29.9,29.92,29.53,29.59,58123972,March,Thursday,2016,PFE,-0.005043712172158661
4070,2016-03-09,29.72,29.85,29.42,29.74,76899581,March,Wednesday,2016,PFE,0.0129427792915531
4069,2016-03-08,29.75,29.75,29.36,29.36,32055916,March,Tuesday,2016,PFE,-0.014434373950990256
4068,2016-03-07,29.55,29.81,29.32,29.79,32196225,March,Monday,2016,PFE,0.002692696061931952
4067,2016-03-04,29.85,29.94,29.53,29.71,36836497,March,Friday,2016,PFE,-0.0060220809635329435
4066,2016-03-03,29.88,30.0,29.58,29.89,36888994,March,Thursday,2016,PFE,-0.003002001334222811
4065,2016-03-02,30.11,30.16,29.75,29.98,34288226,March,Wednesday,2016,PFE,-0.0019973368841544182
4064,2016-03-01,29.79,30.09,29.62,30.04,31411862,March,Tuesday,2016,PFE,0.012470508931580634
4063,2016-02-29,30.09,30.18,29.57,29.67,35127022,February,Monday,2016,PFE,-0.018524644392987056
4062,2016-02-26,30.78,30.9,30.02,30.23,42925795,February,Friday,2016,PFE,-0.011768551814318386
4061,2016-02-25,30.1,30.69,30.02,30.59,52039504,February,Thursday,2016,PFE,0.01898734177215191
4060,2016-02-24,29.81,30.08,29.52,30.02,31614108,February,Wednesday,2016,PFE,0.0020026702269692496
4059,2016-02-23,30.06,30.38,29.945,29.96,31970161,February,Tuesday,2016,PFE,-0.0029950083194675487
4058,2016-02-22,29.75,30.07,29.65,30.05,39328844,February,Monday,2016,PFE,0.0189894879620211
4057,2016-02-19,29.6,29.65,29.175,29.49,39724528,February,Friday,2016,PFE,-0.002030456852791955
4056,2016-02-18,29.82,30.04,29.46,29.55,48186096,February,Thursday,2016,PFE,-0.0026999662504218125
4055,2016-02-17,30.0,30.07,29.5935,29.63,39110759,February,Wednesday,2016,PFE,-0.006038242200603815
4054,2016-02-16,29.55,29.84,29.45,29.81,32567942,February,Tuesday,2016,PFE,0.015326975476839212
4053,2016-02-12,29.25,29.38,28.98,29.36,32542621,February,Friday,2016,PFE,0.007895640233436335
4052,2016-02-11,29.01,29.34,28.89,29.13,39638250,February,Thursday,2016,PFE,-0.012207527975584923
4051,2016-02-10,29.33,29.9,29.31,29.49,44706802,February,Wednesday,2016,PFE,0.01340206185567
4050,2016-02-09,28.47,29.2,28.34,29.1,57127942,February,Tuesday,2016,PFE,0.01890756302521018
4049,2016-02-08,28.68,28.98,28.25,28.56,47513120,February,Monday,2016,PFE,-0.016190148122631844
4048,2016-02-05,29.02,29.415,28.84,29.03,38931372,February,Friday,2016,PFE,0.001034482758620729
4047,2016-02-04,29.49,29.59,28.74,29.0,56929892,February,Thursday,2016,PFE,-0.0225817323896192
4046,2016-02-03,29.91,30.07,29.14,29.67,44972994,February,Wednesday,2016,PFE,-0.015593895155938913
4045,2016-02-02,29.6,30.34,29.55,30.14,48209098,February,Tuesday,2016,PFE,-0.0009943652635068323
4044,2016-02-01,30.34,30.4,29.81,30.17,47448912,February,Monday,2016,PFE,-0.01049524434240724
4043,2016-01-29,30.38,30.49,29.92,30.49,56730649,January,Friday,2016,PFE,0.009602649006622487
4042,2016-01-28,30.7,30.71,29.585,30.2,48784538,January,Thursday,2016,PFE,-0.010484927916120584
4041,2016-01-27,30.71,31.01,30.32,30.52,28518360,January,Wednesday,2016,PFE,-0.0048907727420933215
4040,2016-01-26,30.53,30.75,30.335,30.67,25958893,January,Tuesday,2016,PFE,0.005573770491803336
4039,2016-01-25,30.83,30.91,30.42,30.5,28759338,January,Monday,2016,PFE,-0.006838163464669516
4038,2016-01-22,31.0,31.25,30.67,30.71,31441829,January,Friday,2016,PFE,0.004251144538914407
4037,2016-01-21,30.61,30.9,30.51,30.58,36550328,January,Thursday,2016,PFE,-0.002609262883235546
4036,2016-01-20,30.21,31.07,30.06,30.66,49469449,January,Wednesday,2016,PFE,-0.0009775171065494015
4035,2016-01-19,31.12,31.23,30.33,30.69,32734469,January,Tuesday,2016,PFE,-0.00389483933787723
4034,2016-01-15,30.22,30.82,30.2,30.81,46772603,January,Friday,2016,PFE,-0.00964320154291227
4033,2016-01-14,30.39,31.42,30.39,31.11,38522829,January,Thursday,2016,PFE,0.024366150806717102
4032,2016-01-13,31.09,31.28,30.27,30.37,40571977,January,Wednesday,2016,PFE,-0.020322580645161258
4031,2016-01-12,31.38,31.5,30.724,31.0,38829984,January,Tuesday,2016,PFE,-0.002252977148374647
4030,2016-01-11,31.15,31.2,30.64,31.07,38630972,January,Monday,2016,PFE,0.0022580645161290416
4029,2016-01-08,31.55,31.625,30.92,31.0,33053066,January,Friday,2016,PFE,-0.012738853503184669
4028,2016-01-07,31.16,31.81,31.14,31.4,37205401,January,Thursday,2016,PFE,-0.006643467257197117
4027,2016-01-06,31.73,31.895,31.42,31.61,25845908,January,Wednesday,2016,PFE,-0.017712865133623378
4026,2016-01-05,32.18,32.245,31.93,32.18,27302655,January,Tuesday,2016,PFE,0.00719874804381848
4025,2016-01-04,31.85,32.03,31.57,31.95,37306299,January,Monday,2016,PFE,-0.010223048327137605
4024,2015-12-31,32.47,32.58,32.27,32.28,21100265,December,Thursday,2015,PFE,-0.014351145038167904
4023,2015-12-30,32.74,32.89,32.65,32.75,16335080,December,Wednesday,2015,PFE,-0.0024367956137678433
4022,2015-12-29,32.57,32.91,32.53,32.83,17036188,December,Tuesday,2015,PFE,0.01264651449722383
4021,2015-12-28,32.6,32.65,32.37,32.42,26335271,December,Monday,2015,PFE,-0.006131207847945914
4020,2015-12-24,32.5,32.72,32.5,32.62,7927657,December,Thursday,2015,PFE,0.0018427518427516945
4019,2015-12-23,32.58,32.74,32.53,32.56,20969328,December,Wednesday,2015,PFE,0.0012300123001229748
4018,2015-12-22,32.62,32.62,32.36,32.52,25504927,December,Tuesday,2015,PFE,0.0018484288354899039
4017,2015-12-21,32.17,32.46,32.01,32.46,30623224,December,Monday,2015,PFE,0.014692091278524616
4016,2015-12-18,32.25,32.45,31.95,31.99,66470071,December,Friday,2015,PFE,-0.010516548097742032
4015,2015-12-17,32.56,32.67,32.3,32.33,38326977,December,Thursday,2015,PFE,-0.007673419275629221
4014,2015-12-16,32.43,32.67,31.99,32.58,44432034,December,Wednesday,2015,PFE,0.009919404835709869
4013,2015-12-15,32.62,32.82,32.165,32.26,47339338,December,Tuesday,2015,PFE,0.0024860161591049807
4012,2015-12-14,31.99,32.21,31.84,32.18,38285102,December,Monday,2015,PFE,0.003742981908920693
4011,2015-12-11,32.11,32.23,31.97,32.06,40274509,December,Friday,2015,PFE,-0.009270704573547502
4010,2015-12-10,32.43,32.72,32.24,32.36,52788852,December,Thursday,2015,PFE,0.0021678538247135427
4009,2015-12-09,32.42,32.645,32.12,32.29,39558235,December,Wednesday,2015,PFE,-0.007377805102981924
4008,2015-12-08,32.35,32.74,32.29,32.53,25734300,December,Tuesday,2015,PFE,-0.003980404164114987
4007,2015-12-07,32.74,32.88,32.45,32.66,20967899,December,Monday,2015,PFE,-0.004268292682926847
4006,2015-12-04,32.49,32.89,32.41,32.8,31613694,December,Friday,2015,PFE,0.01265822784810116
4005,2015-12-03,32.92,33.0,32.36,32.39,47351846,December,Thursday,2015,PFE,-0.015501519756838843
4004,2015-12-02,33.67,33.83,32.79,32.9,31828141,December,Wednesday,2015,PFE,-0.02141582391433668
4003,2015-12-01,33.0,33.73,32.8,33.62,49300578,December,Tuesday,2015,PFE,0.02593835825450089
4002,2015-11-30,32.91,32.91,32.53,32.77,42888600,November,Monday,2015,PFE,-0.0006099420555046057
4001,2015-11-27,32.92,33.0,32.67,32.79,16119593,November,Friday,2015,PFE,-0.0024338302403406845
4000,2015-11-25,32.36,33.24,32.205,32.87,79381078,November,Wednesday,2015,PFE,0.02815139192993427
3999,2015-11-24,31.38,32.15,31.215,31.97,84024122,November,Tuesday,2015,PFE,0.020427705075007997
3998,2015-11-23,31.42,31.69,30.99,31.33,124636360,November,Monday,2015,PFE,-0.026413921690491032
3997,2015-11-20,32.58,32.59,32.08,32.18,64596601,November,Friday,2015,PFE,-0.0034066274388355354
3996,2015-11-19,32.79,32.97,31.95,32.29,90712489,November,Thursday,2015,PFE,-0.030621435004503244
3995,2015-11-18,33.08,33.43,32.93,33.31,35961195,November,Wednesday,2015,PFE,0.013386066321874198
3994,2015-11-17,33.2,33.46,32.87,32.87,29691861,November,Tuesday,2015,PFE,-0.008745476477683931
3993,2015-11-16,33.29,33.407,32.85,33.16,25633881,November,Monday,2015,PFE,-0.0033062819356779838
3992,2015-11-13,33.34,33.68,33.14,33.27,18064631,November,Friday,2015,PFE,-0.00359389038634314
3991,2015-11-12,33.61,33.7,33.35,33.39,18000169,November,Thursday,2015,PFE,-0.010373443983402527
3990,2015-11-11,33.92,34.21,33.65,33.74,20503311,November,Wednesday,2015,PFE,-0.001479727730097578
3989,2015-11-10,33.83,33.97,33.61,33.79,20968199,November,Tuesday,2015,PFE,0.00416047548291235
3988,2015-11-09,33.79,33.86,33.385,33.65,27014590,November,Monday,2015,PFE,-0.008252284114353114
3987,2015-11-06,33.92,34.05,33.34,33.93,31247529,November,Friday,2015,PFE,-0.006442166910688107
3986,2015-11-05,34.23,34.29,33.99,34.15,20491534,November,Thursday,2015,PFE,0.0002929115407146459
3985,2015-11-04,34.92,34.97,34.09,34.14,30876734,November,Wednesday,2015,PFE,-0.023734629682585023
3984,2015-11-03,34.99,35.04,34.65,34.97,29539142,November,Tuesday,2015,PFE,-0.002567027952082242
3983,2015-11-02,34.17,35.25,34.15,35.06,39500437,November,Monday,2015,PFE,0.03666469544648143
3982,2015-10-30,34.77,34.9,33.73,33.82,57128862,October,Friday,2015,PFE,-0.027322404371584785
3981,2015-10-29,34.25,35.9,34.16,34.77,72025553,October,Thursday,2015,PFE,-0.01918194640338504
3980,2015-10-28,35.23,36.07,35.02,35.45,34860351,October,Wednesday,2015,PFE,0.013146613318090907
3979,2015-10-27,35.01,35.45,34.65,34.99,40077755,October,Tuesday,2015,PFE,0.02429742388758798
3978,2015-10-26,34.0,34.365,33.83,34.16,23291113,October,Monday,2015,PFE,0.003230543318649029
3977,2015-10-23,33.46,34.35,33.2301,34.05,27534633,October,Friday,2015,PFE,0.021602160216021567
3976,2015-10-22,33.58,33.64,32.89,33.33,41366018,October,Thursday,2015,PFE,-0.003885236102809401
3975,2015-10-21,34.17,34.34,33.025,33.46,33194098,October,Wednesday,2015,PFE,-0.015882352941176445
3974,2015-10-20,34.65,34.69,33.76,34.0,17491641,October,Tuesday,2015,PFE,-0.014492753623188406
3973,2015-10-19,34.41,34.54,34.09,34.5,15780809,October,Monday,2015,PFE,0.002615518744551102
3972,2015-10-16,34.35,34.44,34.0,34.41,19202040,October,Friday,2015,PFE,0.009683098591549243
3971,2015-10-15,32.93,34.14,32.93,34.08,26383132,October,Thursday,2015,PFE,0.03147699757869247
3970,2015-10-14,33.04,33.57,32.94,33.04,17728471,October,Wednesday,2015,PFE,0.001819284414796916
3969,2015-10-13,33.18,33.64,32.82,32.98,19446103,October,Tuesday,2015,PFE,-0.007224563515954304
3968,2015-10-12,33.23,33.441,32.9,33.22,14840981,October,Monday,2015,PFE,-0.0006016847172082767
3967,2015-10-09,33.06,33.58,32.92,33.24,20406537,October,Friday,2015,PFE,0.004533091568449639
3966,2015-10-08,32.9,33.24,32.54,33.09,30068206,October,Thursday,2015,PFE,-0.006007810153199031
3965,2015-10-07,33.1,33.475,32.35,33.29,29635498,October,Wednesday,2015,PFE,0.015248551387618174
3964,2015-10-06,33.4,33.6,32.42,32.79,36589673,October,Tuesday,2015,PFE,-0.0206093189964157
3963,2015-10-05,33.45,33.885,33.0,33.48,31996288,October,Monday,2015,PFE,0.012091898428053164
3962,2015-10-02,31.97,33.11,31.5,33.08,41703103,October,Friday,2015,PFE,0.038944723618090406
3961,2015-10-01,31.3,31.87,31.1,31.84,29950597,October,Thursday,2015,PFE,0.013689907672715686
3960,2015-09-30,31.45,31.57,31.055,31.41,31945674,September,Wednesday,2015,PFE,0.012572533849129612
3959,2015-09-29,30.71,31.44,30.66,31.02,31035962,September,Tuesday,2015,PFE,0.006489292667099264
3958,2015-09-28,31.7,31.8,30.64,30.82,41879746,September,Monday,2015,PFE,-0.033552837880213245
3957,2015-09-25,32.96,33.1,31.65,31.89,34523947,September,Friday,2015,PFE,-0.02477064220183493
3956,2015-09-24,32.36,32.88,32.07,32.7,30463730,September,Thursday,2015,PFE,0.002452483139178584
3955,2015-09-23,32.22,32.81,32.19,32.62,26123994,September,Wednesday,2015,PFE,0.011159330440173571
3954,2015-09-22,31.98,32.33,31.84,32.26,24287436,September,Tuesday,2015,PFE,-0.004935225169648479
3953,2015-09-21,33.1,33.325,32.24,32.42,23704824,September,Monday,2015,PFE,-0.013089802130898012
3952,2015-09-18,33.08,33.43,32.84,32.85,36750754,September,Friday,2015,PFE,-0.01881720430107513
3951,2015-09-17,33.17,33.96,33.13,33.48,25334971,September,Thursday,2015,PFE,0.009041591320072245
3950,2015-09-16,32.98,33.28,32.705,33.18,21408132,September,Wednesday,2015,PFE,0.0003014772384684356
3949,2015-09-15,32.95,33.345,32.81,33.17,20923890,September,Tuesday,2015,PFE,0.014062977682665878
3948,2015-09-14,32.94,33.04,32.575,32.71,15585448,September,Monday,2015,PFE,-0.007885956930542858
3947,2015-09-11,32.57,32.99,32.355,32.97,22375937,September,Friday,2015,PFE,0.010729613733905623
3946,2015-09-10,31.99,32.79,31.94,32.62,31311255,September,Thursday,2015,PFE,0.020650813516896013
3945,2015-09-09,33.0,33.035,31.87,31.96,21397708,September,Wednesday,2015,PFE,-0.017522287119581932
3944,2015-09-08,31.83,32.57,31.83,32.53,25972645,September,Tuesday,2015,PFE,0.03697800446286261
3943,2015-09-04,31.45,31.72,31.13,31.37,22562960,September,Friday,2015,PFE,-0.016306052053935392
3942,2015-09-03,32.27,32.42,31.76,31.89,21587915,September,Thursday,2015,PFE,-0.002502345949327441
3941,2015-09-02,31.94,31.97,31.38,31.97,31423478,September,Wednesday,2015,PFE,0.01945153061224488
3940,2015-09-01,31.46,31.87,31.19,31.36,39027106,September,Tuesday,2015,PFE,-0.02669149596523896
3939,2015-08-31,32.71,32.72,31.96,32.22,32024095,August,Monday,2015,PFE,-0.013472137170851124
3938,2015-08-28,33.3,33.36,32.5,32.66,33491032,August,Friday,2015,PFE,-0.01803968731208664
3937,2015-08-27,32.78,33.62,32.665,33.26,38592820,August,Thursday,2015,PFE,0.025593586185630537
3936,2015-08-26,32.08,32.55,31.35,32.43,43634840,August,Wednesday,2015,PFE,0.034779834077855766
3935,2015-08-25,33.2,33.22,31.32,31.34,42298391,August,Tuesday,2015,PFE,-0.024587612822907026
3934,2015-08-24,31.97,33.25,28.47,32.13,52255208,August,Monday,2015,PFE,-0.042039355992844266
3933,2015-08-21,34.24,34.565,33.54,33.54,33488694,August,Friday,2015,PFE,-0.02923299565846594
3932,2015-08-20,34.92,35.14,34.55,34.55,18764789,August,Thursday,2015,PFE,-0.02041394953218049
3931,2015-08-19,35.37,35.49,34.9601,35.27,17835440,August,Wednesday,2015,PFE,-0.0070382882882882875
3930,2015-08-18,35.39,35.6,35.28,35.52,13343411,August,Tuesday,2015,PFE,0.0005633802816902289
3929,2015-08-17,35.11,35.53,35.0,35.5,13881656,August,Monday,2015,PFE,0.005096262740656844
3928,2015-08-14,35.37,35.5,35.04,35.32,18067339,August,Friday,2015,PFE,-0.0011312217194569894
3927,2015-08-13,35.38,35.62,34.92,35.36,19486480,August,Thursday,2015,PFE,-0.000282725473565112
3926,2015-08-12,34.87,35.47,34.71,35.37,27984632,August,Wednesday,2015,PFE,0.007118451025056948
3925,2015-08-11,35.21,35.24,34.94,35.12,19234841,August,Tuesday,2015,PFE,-0.006787330316742138
3924,2015-08-10,35.21,35.47,35.13,35.36,15619269,August,Monday,2015,PFE,0.004830917874396185
3923,2015-08-07,35.17,35.3,34.87,35.19,14653781,August,Friday,2015,PFE,0.0005686664771110613
3922,2015-08-06,35.96,35.98,35.03,35.17,24471370,August,Thursday,2015,PFE,-0.01814628699050805
3921,2015-08-05,36.07,36.175,35.78,35.82,24171358,August,Wednesday,2015,PFE,-0.008031016338964253
3920,2015-08-04,36.22,36.22,35.821,36.11,25733256,August,Tuesday,2015,PFE,-0.0011065006915629088
3919,2015-08-03,36.29,36.3,35.9,36.15,17096397,August,Monday,2015,PFE,0.002495840266222859
3918,2015-07-31,35.91,36.46,35.87,36.06,29004377,July,Friday,2015,PFE,0.0092359361880774
3917,2015-07-30,35.68,36.0,35.39,35.73,21501902,July,Thursday,2015,PFE,-0.0008389261744966763
3916,2015-07-29,35.48,36.13,35.44,35.76,45343528,July,Wednesday,2015,PFE,0.0115983026874115
3915,2015-07-28,34.94,35.47,34.4,35.35,36666466,July,Tuesday,2015,PFE,0.029411764705882294
3914,2015-07-27,34.17,34.4,33.88,34.34,31323719,July,Monday,2015,PFE,0.002335084646818605
3913,2015-07-24,34.63,34.72,34.15,34.26,21428074,July,Friday,2015,PFE,-0.014951121334100146
3912,2015-07-23,34.99,35.0,34.625,34.78,12718083,July,Thursday,2015,PFE,-0.002866972477064261
3911,2015-07-22,35.06,35.2,34.765,34.88,17623406,July,Wednesday,2015,PFE,-0.0073989755264655096
3910,2015-07-21,35.24,35.34,34.88,35.14,17657558,July,Tuesday,2015,PFE,-0.002837684449489257
3909,2015-07-20,35.13,35.37,35.08,35.24,14772177,July,Monday,2015,PFE,0.004847447961220465
3908,2015-07-17,35.01,35.08,34.915,35.07,16775621,July,Friday,2015,PFE,-0.000854700854700887
3907,2015-07-16,35.14,35.2,35.03,35.1,15311782,July,Thursday,2015,PFE,0.0034305317324186554
3906,2015-07-15,35.02,35.115,34.905,34.98,19466157,July,Wednesday,2015,PFE,-0.0028506271379703943
3905,2015-07-14,34.76,35.15,34.71,35.08,18496477,July,Tuesday,2015,PFE,0.007466973004020621
3904,2015-07-13,34.52,34.85,34.49,34.82,18226226,July,Monday,2015,PFE,0.013387660069848687
3903,2015-07-10,34.24,34.44,34.15,34.36,21146375,July,Friday,2015,PFE,0.01476668635558181
3902,2015-07-09,33.85,33.975,33.73,33.86,22112005,July,Thursday,2015,PFE,0.012257100149476728
3901,2015-07-08,33.55,33.73,33.39,33.45,20209854,July,Wednesday,2015,PFE,-0.008301215535131754
3900,2015-07-07,33.34,33.8372,33.145,33.73,25852788,July,Tuesday,2015,PFE,0.014436090225563816
3899,2015-07-06,33.3,33.64,33.08,33.25,20992387,July,Monday,2015,PFE,-0.003596044351213589
3898,2015-07-02,33.74,34.44,33.35,33.37,22627197,July,Thursday,2015,PFE,-0.009498367468091427
3897,2015-07-01,33.56,33.86,33.41,33.69,28218521,July,Wednesday,2015,PFE,0.004771846107962915
3896,2015-06-30,33.79,33.79,33.33,33.53,35018708,June,Tuesday,2015,PFE,-0.0017862459065198651
3895,2015-06-29,33.73,34.115,33.535,33.59,28839120,June,Monday,2015,PFE,-0.00972877358490561
3894,2015-06-26,34.17,34.29,33.87,33.92,35669789,June,Friday,2015,PFE,-0.0029394473838918697
3893,2015-06-25,34.21,34.34,33.915,34.02,23024509,June,Thursday,2015,PFE,-0.006134969325153192
3892,2015-06-24,34.34,34.52,34.23,34.23,23080279,June,Wednesday,2015,PFE,-0.00782608695652183
3891,2015-06-23,34.41,34.59,34.34,34.5,18452412,June,Tuesday,2015,PFE,0.0055377440979305645
3890,2015-06-22,34.34,34.5,34.28,34.31,14040805,June,Monday,2015,PFE,0.003803393797542497
3889,2015-06-19,34.23,34.505,34.18,34.18,28829318,June,Friday,2015,PFE,-0.0055280768111724676
3888,2015-06-18,34.08,34.51,34.05,34.37,24510571,June,Thursday,2015,PFE,0.011477339611536215
3887,2015-06-17,34.05,34.18,33.85,33.98,20993535,June,Wednesday,2015,PFE,-0.001762632197414873
3886,2015-06-16,34.06,34.1,33.81,34.04,20668868,June,Tuesday,2015,PFE,0.0
3885,2015-06-15,34.06,34.12,33.86,34.04,20933597,June,Monday,2015,PFE,-0.004969307220111128
3884,2015-06-12,34.3,34.46,34.1,34.21,21685532,June,Friday,2015,PFE,-0.007254788160185722
3883,2015-06-11,34.32,34.57,34.26,34.46,20155476,June,Thursday,2015,PFE,0.004371903235208353
3882,2015-06-10,34.08,34.43,34.0447,34.31,23674000,June,Wednesday,2015,PFE,0.008820935019112151
3881,2015-06-09,34.05,34.13,33.89,34.01,23211089,June,Tuesday,2015,PFE,0.0008828722778105102
3880,2015-06-08,33.97,34.155,33.92,33.98,17670265,June,Monday,2015,PFE,-0.0032267527134058824
3879,2015-06-05,34.19,34.28,33.93,34.09,23067781,June,Friday,2015,PFE,-0.004380841121495285
3878,2015-06-04,34.2,34.56,34.11,34.24,20659114,June,Thursday,2015,PFE,-0.00494042429526285
3877,2015-06-03,34.55,34.66,34.28,34.41,17201219,June,Wednesday,2015,PFE,-0.0023195129022906755
3876,2015-06-02,34.64,34.66,34.35,34.49,18666242,June,Tuesday,2015,PFE,-0.002025462962962971
3875,2015-06-01,34.77,34.92,34.53,34.56,27551643,June,Monday,2015,PFE,-0.0054676258992805106
3874,2015-05-29,34.48,34.99,34.41,34.75,50082881,May,Friday,2015,PFE,0.009001161440185897
3873,2015-05-28,34.46,34.53,34.27,34.44,15817238,May,Thursday,2015,PFE,0.0040816326530612405
3872,2015-05-27,34.21,34.47,34.07,34.3,22041415,May,Wednesday,2015,PFE,0.005570214013485715
3871,2015-05-26,34.18,34.34,34.03,34.11,18862378,May,Tuesday,2015,PFE,-0.004959159859976713
3870,2015-05-22,34.32,34.49,34.23,34.28,12973502,May,Friday,2015,PFE,-0.0023282887077997177
3869,2015-05-21,34.23,34.49,34.21,34.36,18112173,May,Thursday,2015,PFE,0.0017492711370263054
3868,2015-05-20,34.3,34.49,34.27,34.3,15316889,May,Wednesday,2015,PFE,0.0026308097047645805
3867,2015-05-19,33.87,34.39,33.84,34.21,20854707,May,Tuesday,2015,PFE,0.006768687463213773
3866,2015-05-18,33.98,34.06,33.9,33.98,24619161,May,Monday,2015,PFE,-0.00029420417769947385
3865,2015-05-15,34.0,34.06,33.92,33.99,16886462,May,Friday,2015,PFE,0.001473187978786219
3864,2015-05-14,33.71,33.99,33.66,33.94,17894337,May,Thursday,2015,PFE,0.012227855651655132
3863,2015-05-13,33.77,33.8,33.475,33.53,23762495,May,Wednesday,2015,PFE,-0.007400828892835999
3862,2015-05-12,33.81,33.96,33.72,33.78,17889868,May,Tuesday,2015,PFE,-0.005300353356890451
3861,2015-05-11,34.09,34.26,33.94,33.96,26469509,May,Monday,2015,PFE,-0.0017636684303351637
3860,2015-05-08,33.81,34.15,33.8,34.02,20411756,May,Friday,2015,PFE,0.01310303752233487
3859,2015-05-07,33.44,33.75,33.325,33.58,21508459,May,Thursday,2015,PFE,0.003586371787208531
3858,2015-05-06,33.75,33.9,33.21,33.46,26859481,May,Wednesday,2015,PFE,-0.01934349355216872
3857,2015-05-05,34.37,34.43,34.01,34.12,22382158,May,Tuesday,2015,PFE,-0.00582750582750591
3856,2015-05-04,34.11,34.505,34.05,34.32,23557837,May,Monday,2015,PFE,0.007042253521126821
3855,2015-05-01,33.86,34.21,33.86,34.08,21543362,May,Friday,2015,PFE,0.004420866489831966
3854,2015-04-30,34.11,34.225,33.71,33.93,27709137,April,Thursday,2015,PFE,-0.010498687664041979
3853,2015-04-29,34.17,34.46,33.95,34.29,37545363,April,Wednesday,2015,PFE,-0.005510440835266756
3852,2015-04-28,34.74,34.88,34.15,34.48,46166599,April,Tuesday,2015,PFE,-0.0031801098583407496
3851,2015-04-27,35.34,35.46,34.42,34.59,42481838,April,Monday,2015,PFE,-0.01927984122483696
3850,2015-04-24,35.2,35.395,35.05,35.27,22801318,April,Friday,2015,PFE,-0.002545248868778176
3849,2015-04-23,34.89,35.4,34.82,35.36,22705847,April,Thursday,2015,PFE,0.01231033495562553
3848,2015-04-22,34.82,35.09,34.8,34.93,14549762,April,Wednesday,2015,PFE,0.001146460303811956
3847,2015-04-21,35.1,35.4,34.8,34.89,22065411,April,Tuesday,2015,PFE,-0.0034275921165380593
3846,2015-04-20,35.04,35.24,34.94,35.01,22402767,April,Monday,2015,PFE,-0.0008561643835616763
3845,2015-04-17,35.0,35.0701,34.78,35.04,28714993,April,Friday,2015,PFE,-0.004262574595055375
3844,2015-04-16,35.07,35.29,35.02,35.19,19580445,April,Thursday,2015,PFE,-0.0005680204487362433
3843,2015-04-15,35.4,35.47,35.12,35.21,29576121,April,Wednesday,2015,PFE,0.005138452754781608
3842,2015-04-14,35.05,35.31,34.91,35.03,15981680,April,Tuesday,2015,PFE,-0.001709888857224345
3841,2015-04-13,35.35,35.53,35.01,35.09,34303193,April,Monday,2015,PFE,-0.009875846501128507
3840,2015-04-10,34.92,35.47,34.895,35.44,24353677,April,Friday,2015,PFE,0.011704253497002472
3839,2015-04-09,34.64,35.06,34.375,35.03,29283043,April,Thursday,2015,PFE,0.011258660508083156
3838,2015-04-08,34.51,34.835,34.42,34.64,22974476,April,Wednesday,2015,PFE,0.0028951939779965677
3837,2015-04-07,34.63,34.89,34.51,34.54,14331227,April,Tuesday,2015,PFE,0.001740139211136957
3836,2015-04-06,34.42,34.81,34.23,34.48,21480465,April,Monday,2015,PFE,0.0029086678301336326
3835,2015-04-02,34.42,34.63,34.215,34.38,25111848,April,Thursday,2015,PFE,0.0014564520827266025
3834,2015-04-01,34.84,34.84,34.11,34.33,32242944,April,Wednesday,2015,PFE,-0.013222190284564554
3833,2015-03-31,34.89,35.13,34.76,34.79,26506614,March,Tuesday,2015,PFE,-0.006000000000000024
3832,2015-03-30,34.6,35.22,34.55,35.0,25512382,March,Monday,2015,PFE,0.013611352447147377
3831,2015-03-27,34.44,34.595,34.23,34.53,22839901,March,Friday,2015,PFE,0.010831381733021207
3830,2015-03-26,34.11,34.395,33.95,34.16,24826831,March,Thursday,2015,PFE,-0.0040816326530612405
3829,2015-03-25,34.61,35.0,34.27,34.3,29205641,March,Wednesday,2015,PFE,-0.0063731170336038786
3828,2015-03-24,34.94,35.0,34.5,34.52,33152944,March,Tuesday,2015,PFE,-0.015121255349500543
3827,2015-03-23,34.51,35.45,34.49,35.05,50803221,March,Monday,2015,PFE,0.02335766423357656
3826,2015-03-20,34.13,34.47,33.98,34.25,59160691,March,Friday,2015,PFE,0.0029282576866764692
3825,2015-03-19,34.28,34.38,34.07,34.15,20437408,March,Thursday,2015,PFE,-0.006689936009307853
3824,2015-03-18,34.03,34.5,33.75,34.38,33132522,March,Wednesday,2015,PFE,0.006145741878841113
3823,2015-03-17,34.12,34.3,33.94,34.17,20632221,March,Tuesday,2015,PFE,-0.007839721254355286
3822,2015-03-16,34.08,34.56,33.96,34.44,29046873,March,Monday,2015,PFE,0.01294117647058817
3821,2015-03-13,33.92,34.0,33.695,34.0,28080492,March,Friday,2015,PFE,0.0
3820,2015-03-12,33.81,34.06,33.775,34.0,28177510,March,Thursday,2015,PFE,0.011002081474873549
3819,2015-03-11,33.98,34.1,33.63,33.63,25613667,March,Wednesday,2015,PFE,-0.004440497335701557
3818,2015-03-10,33.83,34.13,33.66,33.78,38277674,March,Tuesday,2015,PFE,-0.0073464590067587425
3817,2015-03-09,33.87,34.18,33.66,34.03,31174589,March,Monday,2015,PFE,0.001766264350897918
3816,2015-03-06,34.25,34.46,33.75,33.97,39924646,March,Friday,2015,PFE,-0.01450536698578474
3815,2015-03-05,34.73,34.81,34.4,34.47,23451015,March,Thursday,2015,PFE,-0.0049076212471132145
3814,2015-03-04,34.49,34.7699,34.26,34.64,19386636,March,Wednesday,2015,PFE,0.002314814814814765
3813,2015-03-03,34.75,34.89,34.41,34.56,24044528,March,Tuesday,2015,PFE,-0.006039689387402958
3812,2015-03-02,34.06,34.8,34.06,34.77,21352030,March,Monday,2015,PFE,0.013111888111888195
3811,2015-02-27,34.44,34.66,34.29,34.32,24388891,February,Friday,2015,PFE,-0.0078057241977451015
3810,2015-02-26,34.47,34.72,34.375,34.59,19902776,February,Thursday,2015,PFE,-0.0020196191575300977
3809,2015-02-25,34.25,34.79,33.93,34.66,37219997,February,Wednesday,2015,PFE,0.009318578916715002
3808,2015-02-24,34.22,34.34,34.0825,34.34,19357523,February,Tuesday,2015,PFE,-0.0014539110206454539
3807,2015-02-23,34.11,34.52,34.06,34.39,23134620,February,Monday,2015,PFE,-0.0049189814814815285
3806,2015-02-20,34.27,34.58,34.1,34.56,26285565,February,Friday,2015,PFE,0.0043591979075851715
3805,2015-02-19,34.33,34.47,34.11,34.41,26658421,February,Thursday,2015,PFE,-0.002030162412993048
3804,2015-02-18,34.49,34.57,34.24,34.48,21626152,February,Wednesday,2015,PFE,-0.002891844997108196
3803,2015-02-17,34.54,34.84,34.47,34.58,22866008,February,Tuesday,2015,PFE,-0.001732101616628241
3802,2015-02-13,34.7,34.95,34.51,34.64,23389565,February,Friday,2015,PFE,-0.0065959277315743295
3801,2015-02-12,34.28,34.97,34.23,34.87,43656765,February,Thursday,2015,PFE,0.018102189781021825
3800,2015-02-11,34.0,34.51,34.0,34.25,39444173,February,Wednesday,2015,PFE,0.0029282576866764692
3799,2015-02-10,33.48,34.22,33.41,34.15,59424427,February,Tuesday,2015,PFE,0.03265799818566672
3798,2015-02-09,32.98,33.36,32.85,33.07,28254023,February,Monday,2015,PFE,-0.003014772384684999
3797,2015-02-06,32.96,33.415,32.73,33.17,34979401,February,Friday,2015,PFE,0.00545619884813579
3796,2015-02-05,33.04,33.2,32.6,32.99,59442993,February,Thursday,2015,PFE,0.028687246647957645
3795,2015-02-04,31.97,32.27,31.72,32.07,36689030,February,Wednesday,2015,PFE,0.001561524047470242
3794,2015-02-03,31.84,32.16,31.46,32.02,33003081,February,Tuesday,2015,PFE,0.011690363349131266
3793,2015-02-02,31.44,31.65,31.02,31.65,23291591,February,Monday,2015,PFE,0.012799999999999956
3792,2015-01-30,31.67,31.8,31.2,31.25,43070680,January,Friday,2015,PFE,-0.01822180333019159
3791,2015-01-29,31.91,31.96,31.54,31.83,29161007,January,Thursday,2015,PFE,-0.00375586854460097
3790,2015-01-28,32.57,33.14,31.51,31.95,32043237,January,Wednesday,2015,PFE,-0.01993865030674853
3789,2015-01-27,32.34,33.35,32.3,32.6,40542996,January,Tuesday,2015,PFE,-0.006097560975609627
3788,2015-01-26,32.47,32.85,32.17,32.8,26835155,January,Monday,2015,PFE,0.010785824345146204
3787,2015-01-23,32.87,32.9,32.43,32.45,25975751,January,Friday,2015,PFE,-0.010972264553489772
3786,2015-01-22,32.67,32.83,32.05,32.81,29780671,January,Thursday,2015,PFE,0.005208333333333385
3785,2015-01-21,32.92,33.5,32.56,32.64,33232627,January,Wednesday,2015,PFE,-0.013897280966767395
3784,2015-01-20,32.97,33.11,32.54,33.1,42169965,January,Tuesday,2015,PFE,0.009146341463414764
3783,2015-01-16,32.29,32.82,32.26,32.8,23858305,January,Friday,2015,PFE,0.012345679012345637
3782,2015-01-15,32.63,32.77,32.25,32.4,25288444,January,Thursday,2015,PFE,-0.0024630541871920658
3781,2015-01-14,32.21,32.72,32.13,32.48,30646742,January,Wednesday,2015,PFE,0.0012330456226880132
3780,2015-01-13,32.88,33.23,32.12,32.44,34236771,January,Tuesday,2015,PFE,-0.010070186145865285
3779,2015-01-12,32.67,32.88,32.61,32.77,23593137,January,Monday,2015,PFE,0.0036753445635529726
3778,2015-01-09,32.48,32.7,32.42,32.65,23927945,January,Friday,2015,PFE,0.004615384615384572
3777,2015-01-08,32.34,32.64,32.22,32.5,46637496,January,Thursday,2015,PFE,0.020408163265306083
3776,2015-01-07,31.72,31.87,31.58,31.85,19211223,January,Wednesday,2015,PFE,0.013685550604710366
3775,2015-01-06,31.27,31.86,31.12,31.42,27958796,January,Tuesday,2015,PFE,0.00834403080872919
3774,2015-01-05,31.35,31.41,31.01,31.16,23516456,January,Monday,2015,PFE,-0.005426109160548936
3773,2015-01-02,31.27,31.78,31.22,31.33,15532579,January,Friday,2015,PFE,0.0057784911717495896
3772,2014-12-31,31.18,31.7,31.14,31.15,14930021,December,Wednesday,2014,PFE,-0.007329509241555144
3771,2014-12-30,31.28,31.49,31.24,31.38,11033191,December,Tuesday,2014,PFE,-0.0003185727938834521
3770,2014-12-29,31.46,31.62,31.38,31.39,12675451,December,Monday,2014,PFE,-0.008214849921010995
3769,2014-12-26,31.5,31.84,31.3,31.65,8605913,December,Friday,2014,PFE,0.0073201782304263795
3768,2014-12-24,31.44,31.65,31.4,31.42,10823030,December,Wednesday,2014,PFE,-0.0009538950715420537
3767,2014-12-23,32.18,32.225,30.77,31.45,34796286,December,Tuesday,2014,PFE,-0.01994390775942674
3766,2014-12-22,31.86,32.12,31.62,32.09,18395036,December,Monday,2014,PFE,0.004696305572949346
3765,2014-12-19,31.91,32.09,31.61,31.94,44949818,December,Friday,2014,PFE,-0.0009383797309977348
3764,2014-12-18,31.52,32.0,31.42,31.97,35926951,December,Thursday,2014,PFE,0.02731362467866317
3763,2014-12-17,30.7,31.35,30.58,31.12,24657025,December,Wednesday,2014,PFE,0.014672318226279728
3762,2014-12-16,30.83,31.56,30.64,30.67,23675463,December,Tuesday,2014,PFE,-0.00615683732987679
3761,2014-12-15,31.13,31.145,30.685,30.86,31734557,December,Monday,2014,PFE,-0.0029079159935379607
3760,2014-12-12,31.34,31.44,30.86,30.95,27514277,December,Friday,2014,PFE,-0.02211690363349129
3759,2014-12-11,31.86,33.1154,31.51,31.65,26363342,December,Thursday,2014,PFE,-0.006591337099811703
3758,2014-12-10,32.0,32.175,31.75,31.86,30216713,December,Wednesday,2014,PFE,-0.0028169014084507
3757,2014-12-09,31.55,32.01,31.45,31.95,26383320,December,Tuesday,2014,PFE,-0.0006255864873318602
3756,2014-12-08,31.78,32.22,31.76,31.97,26867219,December,Monday,2014,PFE,-0.0006251953735542222
3755,2014-12-05,31.65,32.15,31.6,31.99,24854324,December,Friday,2014,PFE,0.010104199557941163
3754,2014-12-04,31.56,31.82,31.345,31.67,19350191,December,Thursday,2014,PFE,-0.002519685039370025
3753,2014-12-03,31.5,31.78,31.3125,31.75,31455565,December,Wednesday,2014,PFE,0.00570161545771301
3752,2014-12-02,31.44,31.62,31.28,31.57,25387559,December,Tuesday,2014,PFE,0.009916826615483005
3751,2014-12-01,30.88,31.51,30.88,31.26,22951443,December,Monday,2014,PFE,0.0035313001605137397
3750,2014-11-28,31.13,31.64,31.06,31.15,20278707,November,Friday,2014,PFE,0.0016077170418005516
3749,2014-11-26,30.65,31.12,30.59,31.1,27477104,November,Wednesday,2014,PFE,0.02067607482769946
3748,2014-11-25,30.21,30.66,30.18,30.47,25506926,November,Tuesday,2014,PFE,0.00827266710787558
3747,2014-11-24,30.53,30.63,30.12,30.22,30631898,November,Monday,2014,PFE,-0.007553366174055844
3746,2014-11-21,30.75,30.78,30.2,30.45,27597836,November,Friday,2014,PFE,0.0003285151116950726
3745,2014-11-20,30.33,30.49,30.25,30.44,16476903,November,Thursday,2014,PFE,0.0
3744,2014-11-19,30.42,30.56,30.28,30.44,15876508,November,Wednesday,2014,PFE,-0.004903563255965957
3743,2014-11-18,30.49,30.68,30.3,30.59,20237580,November,Tuesday,2014,PFE,0.008905013192612122
3742,2014-11-17,29.91,30.41,29.88,30.32,26236468,November,Monday,2014,PFE,-0.0006591957811469866
3741,2014-11-14,30.38,30.56,30.22,30.34,18132911,November,Friday,2014,PFE,-0.002629848783694998
3740,2014-11-13,30.52,30.62,30.26,30.42,14352896,November,Thursday,2014,PFE,0.0
3739,2014-11-12,30.23,30.54,30.23,30.42,23469576,November,Wednesday,2014,PFE,0.0032981530343008385
3738,2014-11-11,30.18,30.4,30.1,30.32,15729781,November,Tuesday,2014,PFE,0.003973509933774867
3737,2014-11-10,29.96,30.28,29.81,30.2,22839779,November,Monday,2014,PFE,0.009358288770053395
3736,2014-11-07,30.13,30.13,29.76,29.92,17267966,November,Friday,2014,PFE,-0.0039946737683088365
3735,2014-11-06,30.08,30.26,29.97,30.04,16517011,November,Thursday,2014,PFE,0.0
3734,2014-11-05,30.37,30.41,29.95,30.04,19807463,November,Wednesday,2014,PFE,-0.0079260237780714
3733,2014-11-04,30.14,30.3,29.87,30.28,24386012,November,Tuesday,2014,PFE,0.0029811195760185445
3732,2014-11-03,29.9,30.2,29.86,30.19,21734698,November,Monday,2014,PFE,0.008013355592654491
3731,2014-10-31,30.01,30.2,29.81,29.95,25196027,October,Friday,2014,PFE,0.0036863270777479705
3730,2014-10-30,29.39,29.98,29.39,29.84,21097090,October,Thursday,2014,PFE,-0.006657789613848179
3729,2014-10-29,30.37,30.41,29.95,30.04,27338685,October,Wednesday,2014,PFE,0.03265727053970434
3728,2014-10-28,29.17,29.3,28.86,29.09,32386317,October,Tuesday,2014,PFE,0.002066827419910393
3727,2014-10-27,29.09,29.21,28.95,29.03,22961903,October,Monday,2014,PFE,-0.002748196496049409
3726,2014-10-24,28.8,29.27,28.71,29.11,28423783,October,Friday,2014,PFE,0.017832167832167758
3725,2014-10-23,28.65,28.87,28.57,28.6,30766250,October,Thursday,2014,PFE,0.010600706713780944
3724,2014-10-22,28.25,28.49,28.01,28.3,30726642,October,Wednesday,2014,PFE,0.0007072135785006921
3723,2014-10-21,28.12,28.52,28.0,28.28,36483023,October,Tuesday,2014,PFE,0.012531328320802056
3722,2014-10-20,27.87,27.97,27.6,27.93,38924921,October,Monday,2014,PFE,0.0035932446999641186
3721,2014-10-17,27.81,28.01,27.63,27.83,32572812,October,Friday,2014,PFE,0.00469314079422379
3720,2014-10-16,27.87,28.01,27.51,27.7,37802549,October,Thursday,2014,PFE,-0.017382050372472577
3719,2014-10-15,28.19,28.3,27.56,28.19,41183731,October,Wednesday,2014,PFE,-0.009486999297259295
3718,2014-10-14,28.64,28.8,28.4,28.46,23260406,October,Tuesday,2014,PFE,-0.00035124692658932246
3717,2014-10-13,29.16,29.29,28.415,28.47,34089392,October,Monday,2014,PFE,-0.022657054582904228
3716,2014-10-10,29.11,29.47,29.0,29.13,32065292,October,Friday,2014,PFE,0.004829251466022786
3715,2014-10-09,29.4,29.44,28.93,28.99,22839126,October,Thursday,2014,PFE,-0.01327433628318586
3714,2014-10-08,28.81,29.39,28.54,29.38,29529084,October,Wednesday,2014,PFE,0.020493226814866268
3713,2014-10-07,29.03,29.12,28.79,28.79,24686621,October,Tuesday,2014,PFE,-0.01302708261912933
3712,2014-10-06,29.35,29.41,29.01,29.17,16506250,October,Monday,2014,PFE,-0.001711156741957466
3711,2014-10-03,29.29,29.31,29.0,29.22,24077859,October,Friday,2014,PFE,0.005505849965588443
3710,2014-10-02,29.16,29.2901,28.89,29.06,28201985,October,Thursday,2014,PFE,-0.0030874785591766675
3709,2014-10-01,29.37,29.41,29.02,29.15,35886859,October,Wednesday,2014,PFE,-0.014203584714237459
3708,2014-09-30,29.77,29.99,29.55,29.57,25670146,September,Tuesday,2014,PFE,-0.006718172657037262
3707,2014-09-29,29.67,29.84,29.57,29.77,19969765,September,Monday,2014,PFE,0.0016823687752355555
3706,2014-09-26,29.97,29.98,29.5649,29.72,23789557,September,Friday,2014,PFE,-0.008672448298865962
3705,2014-09-25,30.33,30.37,29.97,29.98,21133763,September,Thursday,2014,PFE,-0.010887495875948476
3704,2014-09-24,30.11,30.45,30.07,30.31,21623787,September,Wednesday,2014,PFE,0.008652246256239534
3703,2014-09-23,29.83,30.23,29.5,30.05,29009967,September,Tuesday,2014,PFE,-0.004307488402915807
3702,2014-09-22,30.26,30.3699,29.98,30.18,24328341,September,Monday,2014,PFE,-0.0072368421052631205
3701,2014-09-19,30.76,30.84,30.26,30.4,35022200,September,Friday,2014,PFE,-0.005886200130804439
3700,2014-09-18,30.41,30.72,30.34,30.58,26413400,September,Thursday,2014,PFE,0.007578253706754427
3699,2014-09-17,30.19,30.465,30.1,30.35,26130900,September,Wednesday,2014,PFE,0.009983361064891871
3698,2014-09-16,29.95,30.12,29.75,30.05,19583200,September,Tuesday,2014,PFE,0.004344919786096223
3697,2014-09-15,29.44,29.92,29.375,29.92,24257900,September,Monday,2014,PFE,0.016649677200135982
3696,2014-09-12,29.47,29.6,29.34,29.43,18204700,September,Friday,2014,PFE,-0.00674991562605465
3695,2014-09-11,29.39,29.64,29.28,29.63,18622900,September,Thursday,2014,PFE,0.00645380434782601
3694,2014-09-10,29.25,29.53,29.16,29.44,19421300,September,Wednesday,2014,PFE,0.007184399589462909
3693,2014-09-09,29.42,29.44,29.01,29.23,21622700,September,Tuesday,2014,PFE,-0.0057823129251700035
3692,2014-09-08,29.58,29.65,29.3,29.4,14522200,September,Monday,2014,PFE,-0.008431703204047217
3691,2014-09-05,29.3,29.66,29.21,29.65,17543800,September,Friday,2014,PFE,0.00953353762342518
3690,2014-09-04,29.53,29.55,29.3,29.37,22343200,September,Thursday,2014,PFE,-0.001020408163265224
3689,2014-09-03,29.45,29.53,29.23,29.4,21118100,September,Wednesday,2014,PFE,0.004784688995215209
3688,2014-09-02,29.21,29.41,29.16,29.26,20696300,September,Tuesday,2014,PFE,-0.004423273222184382
3687,2014-08-29,29.46,29.49,29.29,29.39,16772000,August,Friday,2014,PFE,0.00034036759700481836
3686,2014-08-28,29.43,29.6699,29.36,29.38,20582200,August,Thursday,2014,PFE,-0.003730077992539825
3685,2014-08-27,29.47,29.57,29.365,29.49,21941700,August,Wednesday,2014,PFE,0.003061224489795914
3684,2014-08-26,29.45,29.53,29.23,29.4,17148500,August,Tuesday,2014,PFE,0.016949152542372826
3683,2014-08-25,28.93,29.09,28.91,28.91,16867700,August,Monday,2014,PFE,-0.0003457814661134704
3682,2014-08-22,28.86,28.98,28.82,28.92,16280400,August,Friday,2014,PFE,0.003469812630118023
3681,2014-08-21,28.92,28.99,28.74,28.82,24297500,August,Thursday,2014,PFE,-0.002422983731394956
3680,2014-08-20,28.83,28.98,28.74,28.89,14997800,August,Wednesday,2014,PFE,-0.001727712508638587
3679,2014-08-19,28.97,29.03,28.6875,28.94,18823300,August,Tuesday,2014,PFE,0.003467406380027789
3678,2014-08-18,28.75,28.94,28.69,28.84,22935000,August,Monday,2014,PFE,0.006983240223463662
3677,2014-08-15,28.86,28.9,28.41,28.64,21722700,August,Friday,2014,PFE,-0.003132613992342494
3676,2014-08-14,28.26,28.79,28.17,28.73,19993800,August,Thursday,2014,PFE,0.018433179723502287
3675,2014-08-13,28.25,28.44,28.18,28.21,17429500,August,Wednesday,2014,PFE,0.004629629629629721
3674,2014-08-12,28.26,28.36,28.03,28.08,20432900,August,Tuesday,2014,PFE,-0.006017699115044308
3673,2014-08-11,28.53,28.59,28.19,28.25,21382600,August,Monday,2014,PFE,-0.003175723359209593
3672,2014-08-08,28.08,28.4,27.87,28.34,30089700,August,Friday,2014,PFE,0.01069900142653355
3671,2014-08-07,28.44,28.44,27.92,28.04,30501300,August,Thursday,2014,PFE,-0.008486562942008556
3670,2014-08-06,28.3,28.39,28.09,28.28,23369400,August,Wednesday,2014,PFE,-0.004575853572685639
3669,2014-08-05,28.58,28.71,28.29,28.41,27686500,August,Tuesday,2014,PFE,-0.011826086956521736
3668,2014-08-04,28.95,28.96,28.6,28.75,23721900,August,Monday,2014,PFE,-0.003811503811503792
3667,2014-08-01,28.7,29.1,28.69,28.86,31341600,August,Friday,2014,PFE,0.005574912891986068
3666,2014-07-31,29.26,29.32,28.7,28.7,38348200,July,Thursday,2014,PFE,-0.01913875598086132
3665,2014-07-30,29.51,29.54,29.03,29.26,33990600,July,Wednesday,2014,PFE,-0.01580894719138913
3664,2014-07-29,30.33,30.49,29.69,29.73,37913600,July,Tuesday,2014,PFE,-0.012292358803986743
3663,2014-07-28,29.79,30.17,29.78,30.1,27288700,July,Monday,2014,PFE,-0.0029811195760185445
3662,2014-07-25,30.32,30.35,30.08,30.19,14501500,July,Friday,2014,PFE,-0.004943968358602458
3661,2014-07-24,30.37,30.57,30.32,30.34,14839000,July,Thursday,2014,PFE,-0.00164527805199081
3660,2014-07-23,30.69,30.69,30.32,30.39,21115400,July,Wednesday,2014,PFE,-0.0032797638570022268
3659,2014-07-22,30.55,30.71,30.4,30.49,18742300,July,Tuesday,2014,PFE,0.004612850082372224
3658,2014-07-21,30.43,30.64,30.3,30.35,22763400,July,Monday,2014,PFE,-0.012365766352098894
3657,2014-07-18,30.55,30.745,30.345,30.73,8267973,July,Friday,2014,PFE,0.005891980360065457
3656,2014-07-17,30.75,31.31,30.525,30.55,7049745,July,Thursday,2014,PFE,-0.013242894056847549
3655,2014-07-16,30.51,30.97,30.365,30.96,35413300,July,Wednesday,2014,PFE,0.018086155869779703
3654,2014-07-15,30.2,30.62,30.2,30.41,30361000,July,Tuesday,2014,PFE,0.005621693121693179
3653,2014-07-14,30.19,30.33,30.1039,30.24,20483700,July,Monday,2014,PFE,0.005653475224476161
3652,2014-07-11,30.04,30.12,29.8,30.07,18359500,July,Friday,2014,PFE,0.0023333333333333426
3651,2014-07-10,29.76,30.04,29.58,30.0,20114200,July,Thursday,2014,PFE,-0.0016638935108153315
3650,2014-07-09,30.12,30.2,29.9,30.05,20679300,July,Wednesday,2014,PFE,-0.0033167495854062308
3649,2014-07-08,30.48,30.49,30.02,30.15,22440400,July,Tuesday,2014,PFE,-0.011151197113807802
3648,2014-07-07,30.49,30.63,30.38,30.49,17593400,July,Monday,2014,PFE,-0.001310186701605067
3647,2014-07-03,30.61,30.64,30.29,30.53,14852900,July,Thursday,2014,PFE,0.005268356931182093
3646,2014-07-02,30.06,30.42,30.0,30.37,18501700,July,Wednesday,2014,PFE,0.0096409574468086
3645,2014-07-01,29.61,30.22,29.585,30.08,25600200,July,Tuesday,2014,PFE,0.013477088948787014
3644,2014-06-30,29.76,29.84,29.62,29.68,20566300,June,Monday,2014,PFE,0.00033704078193454704
3643,2014-06-27,29.67,29.75,29.48,29.67,30672500,June,Friday,2014,PFE,0.002703616086515777
3642,2014-06-26,29.72,29.79,29.48,29.59,19472200,June,Thursday,2014,PFE,-0.007046979865771841
3641,2014-06-25,29.15,29.84,29.15,29.8,31518000,June,Wednesday,2014,PFE,0.017064846416382253
3640,2014-06-24,29.43,29.48,29.3,29.3,23354100,June,Tuesday,2014,PFE,-0.005093378607809799
3639,2014-06-23,29.81,29.85,29.33,29.45,25188500,June,Monday,2014,PFE,-0.011081262592343915
3638,2014-06-20,29.74,29.92,29.63,29.78,31303000,June,Friday,2014,PFE,0.0064210882054748656
3637,2014-06-19,29.7,29.71,29.5,29.59,20307900,June,Thursday,2014,PFE,-0.004039044092898047
3636,2014-06-18,29.53,29.71,29.34,29.71,19338200,June,Wednesday,2014,PFE,0.007801899592944383
3635,2014-06-17,29.58,29.62,29.44,29.48,18283400,June,Tuesday,2014,PFE,-0.004390408645727761
3634,2014-06-16,29.5,29.71,29.32,29.61,25028500,June,Monday,2014,PFE,0.0027091093802911713
3633,2014-06-13,29.46,29.595,29.36,29.53,19604300,June,Friday,2014,PFE,0.0027164685908319807
3632,2014-06-12,29.38,29.59,29.35,29.45,24118100,June,Thursday,2014,PFE,0.0006795786612300229
3631,2014-06-11,29.46,29.5452,29.38,29.43,18743500,June,Wednesday,2014,PFE,-0.002372881355932213
3630,2014-06-10,29.34,29.5,29.25,29.5,18212300,June,Tuesday,2014,PFE,0.005110732538330445
3629,2014-06-09,29.38,29.43,29.2,29.35,24414500,June,Monday,2014,PFE,-0.0023793337865397786
3628,2014-06-06,29.81,29.87,29.34,29.42,26817100,June,Friday,2014,PFE,-0.011424731182795694
3627,2014-06-05,29.69,29.787,29.48,29.76,19357600,June,Thursday,2014,PFE,0.004048582995951451
3626,2014-06-04,29.61,29.74,29.52,29.64,23406800,June,Wednesday,2014,PFE,0.0016897600540723458
3625,2014-06-03,29.77,29.82,29.55,29.59,24199900,June,Tuesday,2014,PFE,-0.004039044092898047
3624,2014-06-02,29.59,29.8,29.59,29.71,19999100,June,Monday,2014,PFE,0.002699966250421932
3623,2014-05-30,29.56,29.7451,29.51,29.63,26241100,May,Friday,2014,PFE,0.0010135135135134318
3622,2014-05-29,29.73,29.76,29.53,29.6,24470100,May,Thursday,2014,PFE,-0.00033772374197899393
3621,2014-05-28,29.7,29.82,29.6,29.61,27369300,May,Wednesday,2014,PFE,0.0
3620,2014-05-27,29.93,29.99,29.5701,29.61,26929400,May,Tuesday,2014,PFE,0.004069175991861682
3619,2014-05-23,29.57,29.64,29.43,29.49,18933500,May,Friday,2014,PFE,-0.005731625084288662
3618,2014-05-22,29.56,29.87,29.55,29.66,21451900,May,Thursday,2014,PFE,0.003043625295908011
3617,2014-05-21,29.25,29.9214,29.2,29.57,21443800,May,Wednesday,2014,PFE,0.01094017094017095
3616,2014-05-20,29.54,29.54,29.21,29.25,24872200,May,Tuesday,2014,PFE,-0.001024590163934465
3615,2014-05-19,29.58,29.71,29.25,29.28,40990400,May,Monday,2014,PFE,0.005494505494505499
3614,2014-05-16,29.0,29.55,29.0,29.12,35704300,May,Friday,2014,PFE,0.0020646937370957428
3613,2014-05-15,29.07,29.18,28.91,29.06,26836900,May,Thursday,2014,PFE,-0.001374570446735488
3612,2014-05-14,29.14,29.28,28.92,29.1,26780700,May,Wednesday,2014,PFE,-0.0034246575342465023
3611,2014-05-13,29.11,29.4,29.1,29.2,26287400,May,Tuesday,2014,PFE,0.002403020940611064
3610,2014-05-12,29.34,29.375,29.03,29.13,21654700,May,Monday,2014,PFE,0.003444712366517322
3609,2014-05-09,29.1,29.21,28.774,29.03,38996300,May,Friday,2014,PFE,-0.0047994514912581615
3608,2014-05-08,29.12,29.44,28.98,29.17,36093400,May,Thursday,2014,PFE,0.005168849069607241
3607,2014-05-07,29.14,29.48,28.8497,29.02,49054400,May,Wednesday,2014,PFE,-0.013931362555215772
3606,2014-05-06,30.0,30.01,29.333000000000002,29.43,54719800,May,Tuesday,2014,PFE,-0.017690253671562118
3605,2014-05-05,30.26,30.27,29.85,29.96,54902600,May,Monday,2014,PFE,-0.025691056910569082
3604,2014-05-02,31.02,31.06,30.5492,30.75,41708500,May,Friday,2014,PFE,-0.01284109149277684
3603,2014-05-01,31.08,31.58,30.94,31.15,41507800,May,Thursday,2014,PFE,-0.00415601023017911
3602,2014-04-30,31.76,31.94,31.22,31.28,36534500,April,Wednesday,2014,PFE,-0.015113350125944596
3601,2014-04-29,32.06,32.09,31.4,31.76,39659100,April,Tuesday,2014,PFE,-0.008739076154806416
3600,2014-04-28,31.59,32.35,31.37,32.04,71421600,April,Monday,2014,PFE,0.0419512195121951
3599,2014-04-25,30.73,30.8,30.545,30.75,18669500,April,Friday,2014,PFE,0.0013025073266036845
3598,2014-04-24,30.9,30.9,30.2,30.71,24963800,April,Thursday,2014,PFE,-0.006791720569210894
3597,2014-04-23,31.18,31.18,30.76,30.92,20493200,April,Wednesday,2014,PFE,-0.0025806451612902675
3596,2014-04-22,30.85,31.25,30.85,31.0,25974800,April,Tuesday,2014,PFE,0.004536616979909286
3595,2014-04-21,30.54,30.94,30.4,30.86,30334900,April,Monday,2014,PFE,0.020165289256198333
3594,2014-04-17,30.15,30.4,30.07,30.25,26536800,April,Thursday,2014,PFE,0.005317381189764046
3593,2014-04-16,30.15,30.22,29.92,30.09,29503800,April,Wednesday,2014,PFE,0.0066912010705921475
3592,2014-04-15,29.97,30.15,29.6,29.89,30079100,April,Tuesday,2014,PFE,0.0006695681285570664
3591,2014-04-14,30.05,30.13,29.58,29.87,28833800,April,Monday,2014,PFE,0.00033489618218357546
3590,2014-04-11,30.5,30.5,29.83,29.86,40821100,April,Friday,2014,PFE,-0.024501796798431886
3589,2014-04-10,31.38,31.43,30.51,30.61,30444700,April,Thursday,2014,PFE,-0.0198527057316683
3588,2014-04-09,30.99,31.25,30.62,31.23,38687000,April,Wednesday,2014,PFE,0.011661807580174908
3587,2014-04-08,31.26,31.39,30.85,30.87,34572700,April,Tuesday,2014,PFE,-0.010576923076923022
3586,2014-04-07,31.48,31.71,31.05,31.2,54582500,April,Monday,2014,PFE,-0.029850746268656636
3585,2014-04-04,32.52,32.69,32.07,32.16,26274500,April,Friday,2014,PFE,-0.007407407407407468
3584,2014-04-03,32.43,32.49,32.18,32.4,20036000,April,Thursday,2014,PFE,0.0034066274388355354
3583,2014-04-02,31.92,32.39,31.81,32.29,21615400,April,Wednesday,2014,PFE,0.01064162754303599
3582,2014-04-01,31.93,32.25,31.75,31.95,21836600,April,Tuesday,2014,PFE,-0.005292652552926469
3581,2014-03-31,31.96,32.18,31.83,32.12,18473200,March,Monday,2014,PFE,0.007528230865746502
3580,2014-03-28,32.2,32.48,31.7401,31.88,21969900,March,Friday,2014,PFE,-0.00685358255451721
3579,2014-03-27,32.28,32.38,31.9,32.1,27744000,March,Thursday,2014,PFE,-0.0024860161591049807
3578,2014-03-26,32.01,32.41,31.67,32.18,31579500,March,Wednesday,2014,PFE,0.011313639220615946
3577,2014-03-25,31.77,31.99,31.59,31.82,21137000,March,Tuesday,2014,PFE,0.010479517307081672
3576,2014-03-24,31.77,31.9,31.33,31.49,41805200,March,Monday,2014,PFE,-0.021441889372280958
3575,2014-03-21,32.33,32.49,31.4601,32.18,62118800,March,Friday,2014,PFE,0.008461297398934491
3574,2014-03-20,32.12,32.12,31.71,31.91,22695800,March,Thursday,2014,PFE,0.006307158625039397
3573,2014-03-19,31.93,32.08,31.39,31.71,23083000,March,Wednesday,2014,PFE,-0.006890072032571214
3572,2014-03-18,31.47,32.055,31.42,31.93,23080400,March,Tuesday,2014,PFE,0.01623169955442387
3571,2014-03-17,31.41,31.53,31.26,31.42,21264200,March,Monday,2014,PFE,0.0060838936919628975
3570,2014-03-14,31.15,31.435,30.83,31.23,27112600,March,Friday,2014,PFE,0.0035347043701799297
3569,2014-03-13,31.99,32.02,30.91,31.12,45895700,March,Thursday,2014,PFE,-0.02689180737961224
3568,2014-03-12,32.15,32.57,31.93,31.98,32517500,March,Wednesday,2014,PFE,-0.013571869216533044
3567,2014-03-11,32.35,32.62,32.24,32.42,24165700,March,Tuesday,2014,PFE,0.0009262117937635423
3566,2014-03-10,32.42,32.545,32.29,32.39,15957400,March,Monday,2014,PFE,-0.0012334258402713276
3565,2014-03-07,32.51,32.66,32.18,32.43,17610800,March,Friday,2014,PFE,-0.0009242144177449516
3564,2014-03-06,32.8,32.96,32.41,32.46,20520900,March,Thursday,2014,PFE,-0.008854961832061043
3563,2014-03-05,32.65,32.95,32.6,32.75,22451400,March,Wednesday,2014,PFE,0.0018354236769655024
3562,2014-03-04,32.34,32.74,32.34,32.69,26325100,March,Tuesday,2014,PFE,0.02220137585991236
3561,2014-03-03,31.52,32.14,31.52,31.98,23791900,March,Monday,2014,PFE,-0.004048582995951386
3560,2014-02-28,32.12,32.41,31.85,32.11,27517600,February,Friday,2014,PFE,-0.0037232392181196852
3559,2014-02-27,31.87,32.24,31.83,32.23,22753300,February,Thursday,2014,PFE,0.00750234448265078
3558,2014-02-26,31.74,32.0,31.72,31.99,25023400,February,Wednesday,2014,PFE,0.003135779241141357
3557,2014-02-25,31.55,31.99,31.54,31.89,27196600,February,Tuesday,2014,PFE,-0.0031259768677711127
3556,2014-02-24,31.99,32.08,31.53,31.99,38775000,February,Monday,2014,PFE,0.016846789574062226
3555,2014-02-21,31.68,31.77,31.44,31.46,18471400,February,Friday,2014,PFE,-0.002852614896988902
3554,2014-02-20,31.34,31.71,31.26,31.55,22456000,February,Thursday,2014,PFE,0.0022236340533672264
3553,2014-02-19,31.92,31.96,31.44,31.48,27746900,February,Wednesday,2014,PFE,-0.012547051442910871
3552,2014-02-18,31.81,32.09,31.7901,31.88,19687600,February,Tuesday,2014,PFE,-0.0018785222291797829
3551,2014-02-14,31.88,32.0,31.7,31.94,18895600,February,Friday,2014,PFE,0.007570977917981134
3550,2014-02-13,31.5,31.8479,31.4,31.7,18867700,February,Thursday,2014,PFE,0.0028472002530844625
3549,2014-02-12,31.87,32.0,31.55,31.61,21258500,February,Wednesday,2014,PFE,-0.008469259723964855
3548,2014-02-11,31.79,31.98,31.43,31.88,24740400,February,Tuesday,2014,PFE,0.01302828090244678
3547,2014-02-10,31.26,31.47,31.13,31.47,22591400,February,Monday,2014,PFE,0.008007687379884689
3546,2014-02-07,30.84,31.28,30.61,31.22,27809100,February,Friday,2014,PFE,0.012321660181582329
3545,2014-02-06,30.705,30.91,30.6,30.84,23567000,February,Thursday,2014,PFE,0.006199021207177856
3544,2014-02-05,30.99,31.18,30.58,30.65,37159800,February,Wednesday,2014,PFE,-0.025127226463104408
3543,2014-02-04,31.64,32.0,30.6,31.44,47228700,February,Tuesday,2014,PFE,0.02745098039215685
3542,2014-02-03,31.03,31.69,30.57,30.6,61310600,February,Monday,2014,PFE,0.006578947368421147
3541,2014-01-31,30.56,30.66,30.21,30.4,41411800,January,Friday,2014,PFE,-0.013627514600908556
3540,2014-01-30,30.4,30.85,30.21,30.82,32099500,January,Thursday,2014,PFE,0.023580205911657284
3539,2014-01-29,30.24,30.46,30.0,30.11,29218800,January,Wednesday,2014,PFE,-0.010190664036817957
3538,2014-01-28,30.44,30.75,30.13,30.42,34077000,January,Tuesday,2014,PFE,0.025623735670937342
3537,2014-01-27,30.04,30.249000000000002,29.66,29.66,33093200,January,Monday,2014,PFE,-0.014290461947490854
3536,2014-01-24,30.86,30.96,30.06,30.09,36109600,January,Friday,2014,PFE,-0.02966784908094168
3535,2014-01-23,31.02,31.23,30.91,31.01,25016500,January,Thursday,2014,PFE,-0.008314678605692294
3534,2014-01-22,31.31,31.34,31.09,31.27,22347500,January,Wednesday,2014,PFE,0.001280819724623732
3533,2014-01-21,31.32,31.41,30.95,31.23,24056600,January,Tuesday,2014,PFE,0.0045030556449019155
3532,2014-01-17,31.25,31.29,30.95,31.09,21623200,January,Friday,2014,PFE,-0.002566570420275965
3531,2014-01-16,31.18,31.42,31.09,31.17,18573100,January,Thursday,2014,PFE,-0.00032071840923662636
3530,2014-01-15,31.05,31.31,30.85,31.18,28816800,January,Wednesday,2014,PFE,0.0058064516129032176
3529,2014-01-14,30.58,31.05,30.55,31.0,32976600,January,Tuesday,2014,PFE,0.015062213490504284
3528,2014-01-13,30.86,31.03,30.44,30.54,23981400,January,Monday,2014,PFE,-0.004887585532746893
3527,2014-01-10,30.84,30.95,30.5,30.69,21718100,January,Friday,2014,PFE,-0.007759456838021287
3526,2014-01-09,31.08,31.12,30.605,30.93,20581500,January,Thursday,2014,PFE,-0.0006462035541195339
3525,2014-01-08,30.78,30.985,30.65,30.95,22923200,January,Wednesday,2014,PFE,0.006831489915419677
3524,2014-01-07,30.86,31.02,30.74,30.74,22223000,January,Tuesday,2014,PFE,0.006219312602291251
3523,2014-01-06,30.77,30.95,30.53,30.55,23961500,January,Monday,2014,PFE,0.0009829619921363413
3522,2014-01-03,30.39,30.83,30.38,30.52,15035400,January,Friday,2014,PFE,0.00196979645436634
3521,2014-01-02,30.47,30.6,30.33,30.46,17425300,January,Thursday,2014,PFE,-0.005550114267058379
