,level_0,index,1. open,2. high,3. low,4. close,5. volume,Month,Day,Year,Company,daily change,Date to Num,Month to Num,Volatility
0,8,2017-12-29,77.7000,78.68,77.69,77.7600,2381845,December,Friday,2017,KHC,0.0007722007722008015,5,12,0.012742952760973215
1,9,2017-12-28,78.2200,78.29,77.72,77.9200,1824653,December,Thursday,2017,KHC,-0.003835336231142894,4,12,0.007334019557385582
2,10,2017-12-27,78.2400,78.6,77.95,77.9800,1721021,December,Wednesday,2017,KHC,-0.0033231083844579615,3,12,0.008338678640153835
3,11,2017-12-26,78.1200,78.47,78.0,78.1100,2524144,December,Tuesday,2017,KHC,-0.00012800819252438704,2,12,0.006025641025641011
4,12,2017-12-22,78.1400,78.6,77.88,78.2400,3081942,December,Friday,2017,KHC,0.0012797542871767892,5,12,0.009244992295839739
5,13,2017-12-21,77.8400,78.17,77.07,77.8800,4313946,December,Thursday,2017,KHC,0.0005138746145939368,4,12,0.014272739068379506
6,14,2017-12-20,78.8100,78.89,77.32,77.3800,3683971,December,Wednesday,2017,KHC,-0.018144905468849216,3,12,0.02030522503879989
7,15,2017-12-19,79.5200,79.82,78.39,78.5200,2872284,December,Tuesday,2017,KHC,-0.012575452716297788,2,12,0.018242122719734567
8,16,2017-12-18,79.9800,80.36,79.29,79.3700,2630886,December,Monday,2017,KHC,-0.007626906726681663,1,12,0.013494766048681966
9,17,2017-12-15,79.8000,79.83,79.01,79.5400,6197047,December,Friday,2017,KHC,-0.0032581453634084076,5,12,0.010378433109732858
10,18,2017-12-14,79.2800,79.7,78.87,78.9800,3291294,December,Thursday,2017,KHC,-0.0037840565085771587,4,12,0.010523646506910083
11,19,2017-12-13,79.2500,79.6,78.7699,79.2800,2938776,December,Wednesday,2017,KHC,0.00037854889589906797,3,12,0.01053828937195537
12,20,2017-12-12,78.3300,79.09,78.12,78.9500,3088605,December,Tuesday,2017,KHC,0.007915230435337732,2,12,0.012416794674859176
13,21,2017-12-11,78.1800,78.39,77.19,78.3700,3810083,December,Monday,2017,KHC,0.0024302890764901215,1,12,0.015546055188495956
14,22,2017-12-08,79.6000,79.7055,77.935,78.4800,5263395,December,Friday,2017,KHC,-0.014070351758793849,5,12,0.02271764932315389
15,23,2017-12-07,80.1700,80.5,79.31,79.3600,2388447,December,Thursday,2017,KHC,-0.01010352999875268,4,12,0.01500441306266546
16,24,2017-12-06,80.7500,81.14,80.24,80.4900,2559574,December,Wednesday,2017,KHC,-0.0032198142414861315,3,12,0.011216350947158596
17,25,2017-12-05,82.0500,82.48,80.51,80.6400,3161201,December,Tuesday,2017,KHC,-0.017184643510054803,2,12,0.02446901006086199
18,26,2017-12-04,81.3200,82.29,81.165,81.9200,2825626,December,Monday,2017,KHC,0.0073782587309396035,1,12,0.01386065422287932
19,27,2017-12-01,80.9500,81.6,80.29,81.2100,3354028,December,Friday,2017,KHC,0.0032118591723284853,5,12,0.016315855025532296
20,28,2017-11-30,81.4400,82.18,80.5,81.3700,4404524,November,Thursday,2017,KHC,-0.0008595284872297788,4,11,0.02086956521739139
21,29,2017-11-29,78.9500,81.56,78.83,81.0900,4044759,November,Wednesday,2017,KHC,0.02710576314122863,3,11,0.03463148547507299
22,30,2017-11-28,79.7000,79.86,78.715,78.9800,3090835,November,Tuesday,2017,KHC,-0.009033877038895844,2,11,0.014546147494124322
23,31,2017-11-27,79.7600,80.04,79.45,79.6100,4535752,November,Monday,2017,KHC,-0.001880641925777403,1,11,0.007426054122089407
24,32,2017-11-24,80.2500,80.35,79.54,79.7600,1144834,November,Friday,2017,KHC,-0.006105919003115201,5,11,0.01018355544380171
25,33,2017-11-22,80.0400,80.2,79.59,79.8200,2913964,November,Wednesday,2017,KHC,-0.002748625687156585,3,11,0.007664279432089451
26,34,2017-11-21,80.1200,80.29,79.76,80.0100,2426553,November,Tuesday,2017,KHC,-0.0013729405891163182,2,11,0.006644934804413254
27,35,2017-11-20,79.7000,80.96,79.63,79.9300,3736690,November,Monday,2017,KHC,0.0028858218318695604,1,11,0.016702247896521392
28,36,2017-11-17,79.6300,80.07,79.275,79.6300,4255187,November,Friday,2017,KHC,0.0,5,11,0.010028382213812519
29,37,2017-11-16,78.7200,80.16,78.5101,79.6800,3028937,November,Thursday,2017,KHC,0.012195121951219613,4,11,0.021015130537344908
30,38,2017-11-15,79.4900,79.89,78.57,78.7800,3243074,November,Wednesday,2017,KHC,-0.008931941124669692,3,11,0.01680030546009937
31,39,2017-11-14,79.5400,79.88,79.03,79.3800,2786616,November,Tuesday,2017,KHC,-0.0020115665074177873,2,11,0.010755409338225918
32,40,2017-11-13,79.6600,80.37,79.6,79.8500,3174875,November,Monday,2017,KHC,0.0023851368315339913,1,11,0.009673366834170983
33,41,2017-11-10,78.9700,79.88,78.97,79.7200,3367320,November,Friday,2017,KHC,0.009497277447131823,5,11,0.011523363302519901
34,42,2017-11-09,79.2600,79.94,79.02,79.4100,3249835,November,Thursday,2017,KHC,0.0018925056775169248,4,11,0.011642622120982053
35,43,2017-11-08,78.6400,80.09,78.22,79.5800,4058749,November,Wednesday,2017,KHC,0.011953204476093562,3,11,0.023906929174124323
36,44,2017-11-07,76.9300,78.64,76.49,78.1800,3347109,November,Tuesday,2017,KHC,0.016248537631613155,2,11,0.02810824944437189
37,45,2017-11-06,78.0900,78.22,76.51,77.0000,4667796,November,Monday,2017,KHC,-0.013958253297477312,1,11,0.022350019605280273
38,46,2017-11-03,77.8700,78.19,77.57,78.0000,4041871,November,Friday,2017,KHC,0.0016694490818029465,5,11,0.007992780714193692
39,47,2017-11-02,76.8400,78.19,75.51,78.0300,6519248,November,Thursday,2017,KHC,0.015486725663716784,4,11,0.035491987816183186
40,48,2017-11-01,77.7100,77.86,77.08,77.7000,4021840,November,Wednesday,2017,KHC,-0.00012868356710836321,3,11,0.010119356512714079
41,49,2017-10-31,76.1800,77.4,76.02,77.3300,4802742,October,Tuesday,2017,KHC,0.015095825676030341,2,10,0.01815311760063154
42,50,2017-10-30,77.2000,77.22,75.21,75.2700,5060565,October,Monday,2017,KHC,-0.025000000000000088,1,10,0.026725169525329148
43,51,2017-10-27,76.8200,77.47,76.235,77.3000,3736598,October,Friday,2017,KHC,0.0062483728195782875,5,10,0.01619990817865809
44,52,2017-10-26,77.5900,77.94,77.15,77.3000,2783198,October,Thursday,2017,KHC,-0.003737595050908703,4,10,0.0102397926117951
45,53,2017-10-25,76.7300,77.42,76.23,77.3300,3841665,October,Wednesday,2017,KHC,0.007819627264433655,3,10,0.015610651974288308
46,54,2017-10-24,77.1200,77.42,76.93,77.2200,2883929,October,Tuesday,2017,KHC,0.0012966804979252374,2,10,0.006369426751592289
47,55,2017-10-23,76.8800,77.1,76.45,77.0600,3981750,October,Monday,2017,KHC,0.0023413111342352605,1,10,0.008502289077828535
48,56,2017-10-20,76.7700,77.1,76.12,76.7100,4721242,October,Friday,2017,KHC,-0.0007815552950371535,5,10,0.012874408828165918
49,57,2017-10-19,77.0000,77.088,76.31,76.4700,3847620,October,Thursday,2017,KHC,-0.006883116883116898,4,10,0.010195256191848927
50,58,2017-10-18,77.4100,77.462,76.67,77.1000,3269193,October,Wednesday,2017,KHC,-0.004004650561942931,3,10,0.010329985652797725
51,59,2017-10-17,77.7300,78.01,77.34,77.5400,4357336,October,Tuesday,2017,KHC,-0.0024443586774732756,2,10,0.00866304628911303
52,60,2017-10-16,77.7900,78.095,77.48,77.6500,3419175,October,Monday,2017,KHC,-0.001799717187299146,1,10,0.00793753226639126
53,61,2017-10-13,78.5500,78.6,77.66,77.7400,3706973,October,Friday,2017,KHC,-0.01031190324633994,5,10,0.012104043265516324
54,62,2017-10-12,78.3500,78.648,78.04,78.1500,2469427,October,Thursday,2017,KHC,-0.0025526483726865173,4,10,0.00779087647360315
55,63,2017-10-11,78.0600,78.66,77.92,78.1900,2306849,October,Wednesday,2017,KHC,0.001665385600819824,3,10,0.00949691991786441
56,64,2017-10-10,77.7500,78.25,77.66,78.1400,2836741,October,Tuesday,2017,KHC,0.005016077170418014,2,10,0.00759721864537733
57,65,2017-10-09,78.2900,78.62,77.195,77.3300,2667994,October,Monday,2017,KHC,-0.012262102439647565,1,10,0.018459744802124638
58,66,2017-10-06,78.8400,78.94,77.985,78.1800,2340636,October,Friday,2017,KHC,-0.008371385083713807,5,10,0.012245944732961445
59,67,2017-10-05,77.9500,78.485,77.7,78.2500,2823248,October,Thursday,2017,KHC,0.0038486209108402458,4,10,0.010102960102960058
60,68,2017-10-04,77.2300,78.15,76.76,77.7700,3679898,October,Wednesday,2017,KHC,0.006992101514955225,3,10,0.018108389786347063
61,69,2017-10-03,77.9500,78.14,77.29,77.8200,2365539,October,Tuesday,2017,KHC,-0.001667735728030913,2,10,0.010997541725967062
62,70,2017-10-02,77.5500,78.27,76.89,77.8500,3605035,October,Monday,2017,KHC,0.0038684719535783,1,10,0.01794771751853291
63,71,2017-09-29,78.0300,78.269,77.44,77.5500,3649925,September,Friday,2017,KHC,-0.006151480199923157,5,9,0.010705061983471174
64,72,2017-09-28,78.2800,78.75,77.73,77.9700,2718002,September,Thursday,2017,KHC,-0.003960143076136974,4,9,0.013122346584330322
65,73,2017-09-27,78.6400,78.8,77.8,78.2300,3060557,September,Wednesday,2017,KHC,-0.005213631739572693,3,9,0.012853470437017995
66,74,2017-09-26,78.6000,78.91,78.03,78.5900,3123062,September,Tuesday,2017,KHC,-0.00012722646310421,2,9,0.01127771369985897
67,75,2017-09-25,77.6000,78.45,77.47,78.4200,4303089,September,Monday,2017,KHC,0.010567010309278447,1,9,0.01265005808700147
68,76,2017-09-22,79.0100,79.24,77.4,77.5200,4721776,September,Friday,2017,KHC,-0.01885837235792949,5,9,0.023772609819121306
69,77,2017-09-21,79.9900,80.46,78.94,79.0100,2959473,September,Thursday,2017,KHC,-0.012251531441430052,4,9,0.019255130478844643
70,78,2017-09-20,80.4900,80.56,79.13,79.8700,6105726,September,Wednesday,2017,KHC,-0.007702820226114925,3,9,0.01807152786553781
71,79,2017-09-19,81.3000,81.42,80.6,80.8300,2315441,September,Tuesday,2017,KHC,-0.005781057810578092,2,9,0.010173697270471557
72,80,2017-09-18,81.2400,81.61,81.04,81.4000,2704727,September,Monday,2017,KHC,0.0019694731659282475,1,9,0.007033563672260527
73,81,2017-09-15,81.3300,81.88,80.52,81.4300,5884678,September,Friday,2017,KHC,0.0012295585884668453,5,9,0.01689021361152508
74,82,2017-09-14,81.9800,82.0,81.0,81.2800,2875239,September,Thursday,2017,KHC,-0.008538667967797058,4,9,0.012345679012345678
75,83,2017-09-13,82.2600,82.35,81.67,81.9100,2821652,September,Wednesday,2017,KHC,-0.004254801847799763,3,9,0.008326190767723675
76,84,2017-09-12,82.8200,82.98,82.06,82.1800,2228242,September,Tuesday,2017,KHC,-0.0077276020284953685,2,9,0.011211308798440187
77,85,2017-09-11,82.1000,82.56,81.96,82.5500,2846495,September,Monday,2017,KHC,0.005481120584652897,1,9,0.007320644216691173
78,86,2017-09-08,81.4500,82.02,80.66,81.7200,3539809,September,Friday,2017,KHC,0.0033149171270717742,5,9,0.016860897594842543
79,87,2017-09-07,81.4500,81.72,80.83,81.4600,3203174,September,Thursday,2017,KHC,0.00012277470840995586,4,9,0.011010763330446623
80,88,2017-09-06,81.2300,81.4,80.83,81.3300,2357084,September,Wednesday,2017,KHC,0.0012310722639418234,3,9,0.007051837189162531
81,89,2017-09-05,80.7200,81.5,80.55,81.1500,3281065,September,Tuesday,2017,KHC,0.0053270564915759025,2,9,0.011793916821849819
82,90,2017-09-01,80.7500,81.1,80.1,80.8500,4890208,September,Friday,2017,KHC,0.0012383900928791866,5,9,0.012484394506866418
83,91,2017-08-31,81.1000,82.1,80.29,80.7500,5374072,August,Thursday,2017,KHC,-0.004315659679408068,4,8,0.022543280607796586
84,92,2017-08-30,81.5000,82.19,81.23,81.9300,3285275,August,Wednesday,2017,KHC,0.0052760736196319855,3,8,0.011818293733842099
85,93,2017-08-29,81.7800,82.11,81.0875,81.4400,3477830,August,Tuesday,2017,KHC,-0.004157495720225036,2,8,0.012609835054724756
86,94,2017-08-28,82.7800,83.0,81.625,82.1400,2625274,August,Monday,2017,KHC,-0.007731336071514865,1,8,0.016845329249617153
87,95,2017-08-25,83.2800,83.32,82.45,82.6000,3278067,August,Friday,2017,KHC,-0.008165225744476546,5,8,0.010551849605821593
88,96,2017-08-24,84.5000,84.59,82.69,82.8000,3283308,August,Thursday,2017,KHC,-0.020118343195266307,4,8,0.02297738541540701
89,97,2017-08-23,84.9500,85.16,84.48,84.7500,1667866,August,Wednesday,2017,KHC,-0.0023543260741613046,3,8,0.008049242424242336
90,98,2017-08-22,84.7600,85.13,84.65,85.0500,2014599,August,Tuesday,2017,KHC,0.003421425200566211,2,8,0.005670407560543293
91,99,2017-08-21,84.7300,84.73,84.25,84.5500,1717620,August,Monday,2017,KHC,-0.0021243951374956545,1,8,0.0056973293768546466
92,100,2017-08-18,84.9200,85.28,84.16,84.4900,2733906,August,Friday,2017,KHC,-0.005063589260480532,5,8,0.01330798479087458
93,101,2017-08-17,86.2700,86.76,85.08,85.1100,2919534,August,Thursday,2017,KHC,-0.01344615741277381,4,8,0.019746121297602337
94,102,2017-08-16,86.4500,86.68,86.28,86.5000,1884643,August,Wednesday,2017,KHC,0.0005783689994215981,3,8,0.004636068613815551
95,103,2017-08-15,87.0700,87.08,86.51,86.7400,1736544,August,Tuesday,2017,KHC,-0.003790053979556659,2,8,0.006588833660848377
96,104,2017-08-14,86.7500,87.29,86.5,87.0200,2446116,August,Monday,2017,KHC,0.003112391930835689,1,8,0.009132947976878684
97,105,2017-08-11,85.9000,86.57,85.64,86.4700,2503394,August,Friday,2017,KHC,0.006635622817229256,5,8,0.010859411489957877
98,106,2017-08-10,85.9200,86.4,85.58,85.8900,3005872,August,Thursday,2017,KHC,-0.0003491620111731976,4,8,0.009581677962140774
99,107,2017-08-09,86.0000,86.74,85.51,86.4600,2495813,August,Wednesday,2017,KHC,0.005348837209302253,3,8,0.014384282540053674
100,108,2017-08-08,86.6400,86.98,86.02,86.1600,2668137,August,Tuesday,2017,KHC,-0.005540166204986196,2,8,0.011160195303417903
101,109,2017-08-07,86.5400,87.23,86.26,87.0200,3185892,August,Monday,2017,KHC,0.00554656806101213,1,8,0.01124507303501042
102,110,2017-08-04,87.5800,87.58,85.981,86.6600,7918432,August,Friday,2017,KHC,-0.010504681434117398,5,8,0.01859713192449499
103,111,2017-08-03,86.9000,87.599,86.33,86.5100,3860639,August,Thursday,2017,KHC,-0.004487917146145001,4,8,0.014699409243600203
104,112,2017-08-02,86.2900,87.14,85.48,86.8700,3728626,August,Wednesday,2017,KHC,0.006721520454282052,3,8,0.01941974730931208
105,113,2017-08-01,87.3800,87.77,86.55,86.6700,3234283,August,Tuesday,2017,KHC,-0.008125429159990774,2,8,0.014095898324667809
106,114,2017-07-31,87.7900,87.99,86.98,87.4600,2386301,July,Monday,2017,KHC,-0.0037589702699625527,1,7,0.011611864796504839
107,115,2017-07-28,87.8000,88.07,87.07,87.6400,1883804,July,Friday,2017,KHC,-0.0018223234624145399,5,7,0.011485012059262664
108,116,2017-07-27,87.5300,88.22,87.31,88.1900,3003940,July,Thursday,2017,KHC,0.007540271906774781,4,7,0.010422632000916235
109,117,2017-07-26,87.5000,90.38,87.41,87.6600,2901050,July,Wednesday,2017,KHC,0.0018285714285713895,3,7,0.03397780574304998
110,118,2017-07-25,86.2400,87.61,86.145,87.4200,2739808,July,Tuesday,2017,KHC,0.013682745825603049,2,7,0.01700621045910968
111,119,2017-07-24,86.1200,86.31,85.6,86.2200,1695767,July,Monday,2017,KHC,0.001161170459823436,1,7,0.00829439252336458
112,120,2017-07-21,85.6600,86.19,85.41,86.1600,2693952,July,Friday,2017,KHC,0.0058370301190754145,5,7,0.009132420091324214
113,121,2017-07-20,86.1000,86.1,85.665,85.9000,2760517,July,Thursday,2017,KHC,-0.0023228803716607276,4,7,0.005077919803887095
114,122,2017-07-19,85.6300,85.85,85.21,85.6900,2159064,July,Wednesday,2017,KHC,0.0007006890108607062,3,7,0.007510855533388107
115,123,2017-07-18,85.6900,85.85,85.1732,85.6000,1558256,July,Tuesday,2017,KHC,-0.0010502975843155959,2,7,0.00794616146863098
116,124,2017-07-17,85.6800,85.75,85.09,85.6000,1821875,July,Monday,2017,KHC,-0.0009337068160599031,1,7,0.007756493124926508
117,125,2017-07-14,85.3100,85.7,84.83,85.6500,2427648,July,Friday,2017,KHC,0.003985464775524597,5,7,0.010255805729105323
118,126,2017-07-13,84.7400,85.04,84.335,84.8500,2595407,July,Thursday,2017,KHC,0.0012980882700023536,4,7,0.008359518586589346
119,127,2017-07-12,84.3300,85.18,84.29,84.7000,3996093,July,Wednesday,2017,KHC,0.0043875251986245055,3,7,0.01055878514651798
120,128,2017-07-11,82.2000,83.99,82.2,83.7500,4926462,July,Tuesday,2017,KHC,0.01885644768856444,2,7,0.02177615571776146
121,129,2017-07-10,83.3900,83.73,82.76,82.7700,2954775,July,Monday,2017,KHC,-0.00743494423791827,1,7,0.011720637989366829
122,130,2017-07-07,82.5800,83.9,82.2,83.0400,3367780,July,Friday,2017,KHC,0.00557035601840649,5,7,0.020681265206812686
123,131,2017-07-06,83.3000,83.61,82.62,82.8200,3334196,July,Thursday,2017,KHC,-0.005762304921968836,4,7,0.011982570806100155
124,132,2017-07-05,84.4600,84.76,83.645,83.7900,4351017,July,Wednesday,2017,KHC,-0.007932749230404778,3,7,0.013330145256739902
125,133,2017-07-03,85.9600,86.1,84.39,84.4700,2905466,July,Monday,2017,KHC,-0.01733364355514187,1,7,0.020263064344116528
126,134,2017-06-30,87.2000,87.27,85.5,85.6400,3072485,June,Friday,2017,KHC,-0.01788990825688076,5,6,0.020701754385964867
127,135,2017-06-29,87.6900,87.813,85.45,85.7600,5012442,June,Thursday,2017,KHC,-0.02200935112327509,4,6,0.027653598595669977
128,136,2017-06-28,88.1100,88.49,87.21,87.8200,2929936,June,Wednesday,2017,KHC,-0.0032913403699921266,3,6,0.014677215915606022
129,137,2017-06-27,88.7600,88.95,87.48,87.5100,2923059,June,Tuesday,2017,KHC,-0.014082920234339791,2,6,0.01680384087791494
130,138,2017-06-26,89.5300,89.73,88.87,88.9400,1694776,June,Monday,2017,KHC,-0.006589969842510928,1,6,0.00967705637447957
131,139,2017-06-23,89.4000,89.4,88.57,88.8500,3093654,June,Friday,2017,KHC,-0.006152125279642185,5,6,0.009371118889014481
132,140,2017-06-22,89.4700,89.75,88.895,89.1000,2600585,June,Thursday,2017,KHC,-0.004135464401475406,4,6,0.009618088756398043
133,141,2017-06-21,89.3100,89.698,89.11,89.4000,2176485,June,Wednesday,2017,KHC,0.001007725898555631,3,6,0.006598586017281942
134,142,2017-06-20,89.6600,89.772,89.14,89.2800,2618085,June,Tuesday,2017,KHC,-0.004238233325897785,2,6,0.0070899708323985304
135,143,2017-06-19,89.9600,90.24,89.02,89.8500,3288327,June,Monday,2017,KHC,-0.0012227656736327195,1,6,0.013704785441473815
136,144,2017-06-16,90.8700,91.22,88.91,89.4100,7186250,June,Friday,2017,KHC,-0.016066908770771517,5,6,0.02598132943425939
137,145,2017-06-15,91.1600,91.84,91.01,91.6500,2300694,June,Thursday,2017,KHC,0.005375164545853545,4,6,0.009119876936600354
138,146,2017-06-14,92.1500,92.45,90.99,91.4600,1689511,June,Wednesday,2017,KHC,-0.007487791644058729,3,6,0.016045719309814355
139,147,2017-06-13,90.6800,91.66,90.17,91.5900,1881928,June,Tuesday,2017,KHC,0.010035288928098771,2,6,0.01652434290784069
140,148,2017-06-12,90.6000,92.42,90.429,91.2500,2697612,June,Monday,2017,KHC,0.0071743929359824035,1,6,0.02201727321987415
141,149,2017-06-09,92.4800,92.54,90.46,90.8300,2782351,June,Friday,2017,KHC,-0.017841695501730166,5,6,0.02299358832633222
142,150,2017-06-08,93.4600,93.67,92.475,92.5700,2397003,June,Thursday,2017,KHC,-0.009522790498609037,4,6,0.012922411462557529
143,151,2017-06-07,93.4500,93.88,93.14,93.7700,1955191,June,Wednesday,2017,KHC,0.00342429106474043,3,6,0.007945028988619228
144,152,2017-06-06,93.4500,93.87,93.08,93.2100,1745256,June,Tuesday,2017,KHC,-0.0025682182985554743,2,6,0.008487322733132857
145,153,2017-06-05,93.5800,93.7,93.05,93.4400,1662394,June,Monday,2017,KHC,-0.0014960461637102006,1,6,0.006985491671144607
146,154,2017-06-02,92.9400,93.55,92.38,93.5400,2499687,June,Friday,2017,KHC,0.006455777921239601,5,6,0.01266507902143323
147,155,2017-06-01,92.3500,92.74,91.42,92.7300,2444573,June,Thursday,2017,KHC,0.004114780725500917,4,6,0.014438853642528912
148,156,2017-05-31,92.6300,92.95,91.97,92.2000,2147595,May,Wednesday,2017,KHC,-0.004642124581668926,3,5,0.010655648581059085
149,157,2017-05-30,92.9400,93.0,92.188,92.4600,1932823,May,Tuesday,2017,KHC,-0.0051646223369916505,2,5,0.008808087820540609
150,158,2017-05-26,92.9000,93.09,92.52,92.9900,1290092,May,Friday,2017,KHC,0.0009687836383206587,5,5,0.006160830090791261
151,159,2017-05-25,92.6900,93.01,92.38,92.8100,1654448,May,Thursday,2017,KHC,0.0012946380407811474,4,5,0.006819657934617988
152,160,2017-05-24,92.0000,92.66,91.78,92.5900,1794603,May,Wednesday,2017,KHC,0.006413043478260907,3,5,0.009588145565482627
153,161,2017-05-23,91.2100,92.0,91.01,91.8700,1788675,May,Tuesday,2017,KHC,0.00723604867887305,2,5,0.010877925502691956
154,162,2017-05-22,90.1100,91.33,90.04,91.1800,1812832,May,Monday,2017,KHC,0.011874375762956468,1,5,0.014326965792980808
155,163,2017-05-19,89.7500,90.55,89.4,90.2800,2686466,May,Friday,2017,KHC,0.005905292479108648,5,5,0.012863534675615117
156,164,2017-05-18,89.6500,90.73,88.91,90.1600,2783533,May,Thursday,2017,KHC,0.00568878973786939,4,5,0.020470138342143826
157,165,2017-05-17,88.9100,90.14,88.51,89.5100,3703678,May,Wednesday,2017,KHC,0.006748397255651879,3,5,0.018415998192294603
158,166,2017-05-16,89.2600,89.83,88.85,89.1100,1698141,May,Tuesday,2017,KHC,-0.0016804839793861269,2,5,0.011029825548677591
159,167,2017-05-15,88.7600,89.47,88.56,89.4500,1994069,May,Monday,2017,KHC,0.00777377196935554,1,5,0.010275519421860847
160,168,2017-05-12,89.3400,89.45,88.67,88.9500,1806474,May,Friday,2017,KHC,-0.004365345869711222,5,5,0.008796661779632358
161,169,2017-05-11,88.8000,89.46,88.8,89.2800,1380383,May,Thursday,2017,KHC,0.005405405405405451,4,5,0.007432432432432395
162,170,2017-05-10,89.1100,89.4,88.94,89.3300,1641677,May,Wednesday,2017,KHC,0.002468858713949039,3,5,0.005172026085001214
163,171,2017-05-09,89.2300,89.651,88.87,89.2000,2043658,May,Tuesday,2017,KHC,-0.00033620979491203785,2,5,0.008788117474963336
164,172,2017-05-08,89.5800,89.77,89.0,89.4800,2304920,May,Monday,2017,KHC,-0.0011163206072783468,1,5,0.008651685393258382
165,173,2017-05-05,89.8600,90.1,89.18,89.6300,2258953,May,Friday,2017,KHC,-0.0025595370576452703,5,5,0.01031621439784691
166,174,2017-05-04,88.0000,91.8,87.14,89.7000,6379778,May,Thursday,2017,KHC,0.01931818181818185,4,5,0.05347716318567818
167,175,2017-05-03,90.2200,90.22,88.9,89.1400,2641075,May,Wednesday,2017,KHC,-0.011970738195522038,3,5,0.014848143982002172
168,176,2017-05-02,89.6400,89.83,88.76,89.0000,3047292,May,Tuesday,2017,KHC,-0.007139669790272207,2,5,0.012054979720594786
169,177,2017-05-01,90.6500,90.75,89.35,89.4700,3352488,May,Monday,2017,KHC,-0.01301709873138452,1,5,0.015668718522663747
170,178,2017-04-28,91.2000,91.23,89.83,90.3900,2882787,April,Friday,2017,KHC,-0.008881578947368445,5,4,0.015584993877323898
171,179,2017-04-27,90.9200,91.42,90.66,90.8300,2198139,April,Thursday,2017,KHC,-0.000989881214254327,4,4,0.008382969335980643
172,180,2017-04-26,92.3200,92.33,90.88,90.9200,2700965,April,Wednesday,2017,KHC,-0.015164644714038037,3,4,0.015955105633802848
173,181,2017-04-25,92.6400,92.895,92.28,92.2900,1799962,April,Tuesday,2017,KHC,-0.003778065630397175,2,4,0.006664499349804886
174,182,2017-04-24,92.0100,92.87,92.01,92.5600,2154155,April,Monday,2017,KHC,0.005977611129225053,1,4,0.009346810129333761
175,183,2017-04-21,92.1300,92.24,91.56,91.6000,1969817,April,Friday,2017,KHC,-0.005752740692499742,5,4,0.0074268239405853274
176,184,2017-04-20,92.1100,92.4,91.55,92.0400,1787936,April,Thursday,2017,KHC,-0.0007599609162956593,4,4,0.009284543965046516
177,185,2017-04-19,92.4300,92.45,91.69,91.8500,1978523,April,Wednesday,2017,KHC,-0.006275018933246916,3,4,0.008288799214745393
178,186,2017-04-18,91.5400,92.63,91.33,92.5000,2135091,April,Tuesday,2017,KHC,0.010487218702206617,2,4,0.014234096134895404
179,187,2017-04-17,91.8000,91.96,91.03,91.5800,1803779,April,Monday,2017,KHC,-0.0023965141612200314,1,4,0.01021641217181141
180,188,2017-04-13,92.0500,92.05,91.48,91.5000,1816348,April,Thursday,2017,KHC,-0.005975013579576287,4,4,0.006230870135548679
181,189,2017-04-12,91.0300,92.14,91.01,91.9300,2007448,April,Wednesday,2017,KHC,0.009886850488849892,3,4,0.012416217998022144
182,190,2017-04-11,90.8900,91.07,90.388,90.8300,1396543,April,Tuesday,2017,KHC,-0.0006601386291121386,2,4,0.0075452493693851826
183,191,2017-04-10,90.6500,91.0,90.16,90.8900,3496948,April,Monday,2017,KHC,0.0026475455046883053,1,4,0.009316770186335442
184,192,2017-04-07,91.1700,91.49,90.67,90.7000,2000272,April,Friday,2017,KHC,-0.005155204562904451,5,4,0.009043785154957462
185,193,2017-04-06,91.4900,91.79,90.65,90.9500,2096946,April,Thursday,2017,KHC,-0.005902284402666872,4,4,0.012575841147269725
186,194,2017-04-05,91.1000,92.42,91.03,91.4200,2694733,April,Wednesday,2017,KHC,0.0035126234906696753,3,4,0.015269691310556966
187,195,2017-04-04,90.7000,91.25,90.27,91.2200,2193999,April,Tuesday,2017,KHC,0.005733186328555634,2,4,0.010856319929101629
188,196,2017-04-03,90.8000,91.28,90.63,91.0600,3414988,April,Monday,2017,KHC,0.002863436123348074,1,4,0.007172018095553412
189,197,2017-03-31,90.8800,91.19,90.57,90.8100,2205051,March,Friday,2017,KHC,-0.0007702464788731645,5,3,0.0068455338412278305
190,198,2017-03-30,91.4300,91.67,91.04,91.1000,1143400,March,Thursday,2017,KHC,-0.003609318604396943,4,3,0.006920035149384835
191,199,2017-03-29,91.2000,91.6,91.06,91.4900,1462578,March,Wednesday,2017,KHC,0.0031798245614034215,3,3,0.005930155941137624
192,200,2017-03-28,90.7800,91.665,90.78,91.4100,2223337,March,Tuesday,2017,KHC,0.006939854593522752,2,3,0.009748843357567802
193,201,2017-03-27,91.5000,91.59,91.091,91.2500,1699017,March,Monday,2017,KHC,-0.00273224043715847,1,3,0.005478038445071516
194,202,2017-03-24,92.2400,92.4,91.32,91.6800,1703782,March,Friday,2017,KHC,-0.0060711188204682145,5,3,0.011826544021025105
195,203,2017-03-23,92.0500,92.78,91.9,92.0100,1833318,March,Thursday,2017,KHC,-0.00043454644215091843,4,3,0.009575625680087001
196,204,2017-03-22,92.2500,92.75,92.04,92.2900,1540330,March,Wednesday,2017,KHC,0.0004336043360434282,3,3,0.007714037375054256
197,205,2017-03-21,92.3100,92.78,91.59,91.9000,2373303,March,Tuesday,2017,KHC,-0.004441555627775935,2,3,0.012992684790916014
198,206,2017-03-20,92.0300,92.95,91.89,92.3600,2062998,March,Monday,2017,KHC,0.003585787243290213,1,3,0.011535531613886194
199,207,2017-03-17,93.6000,93.67,91.82,91.9800,5655915,March,Friday,2017,KHC,-0.017307692307692205,5,3,0.02014811587889358
200,208,2017-03-16,92.7400,93.27,92.16,92.7700,4139046,March,Thursday,2017,KHC,0.00032348501186112936,4,3,0.012044270833333327
201,209,2017-03-15,91.5900,92.14,91.09,91.8400,2076292,March,Wednesday,2017,KHC,0.0027295556283437055,3,3,0.011527061148314822
202,210,2017-03-14,91.1600,91.35,90.67,91.0600,2097343,March,Tuesday,2017,KHC,-0.001096972356296559,2,3,0.007499724274842755
203,211,2017-03-13,91.3700,91.5,91.02,91.1800,2182943,March,Monday,2017,KHC,-0.0020794571522381278,1,3,0.005273566249176049
204,212,2017-03-10,92.0800,92.091,91.26,91.5100,2277111,March,Friday,2017,KHC,-0.006190269331016433,5,3,0.009105851413543599
205,213,2017-03-09,90.7700,91.585,90.62,91.5300,2108524,March,Thursday,2017,KHC,0.008372810399911923,4,3,0.01064886338556598
206,214,2017-03-08,90.6700,91.17,90.44,90.9000,2034763,March,Wednesday,2017,KHC,0.002536671445902768,3,3,0.00807164971251663
207,215,2017-03-07,90.8100,91.44,90.72,90.8000,1490968,March,Tuesday,2017,KHC,-0.00011012003083366496,2,3,0.007936507936507924
208,216,2017-03-06,91.0200,91.51,90.79,91.1600,2044942,March,Monday,2017,KHC,0.001538123489343008,1,3,0.007930388809340223
209,217,2017-03-03,91.2500,91.5,90.81,91.5000,1653039,March,Friday,2017,KHC,0.0027397260273972603,5,3,0.007598282127518971
210,218,2017-03-02,91.5000,91.69,90.78,91.2800,2552714,March,Thursday,2017,KHC,-0.002404371584699441,4,3,0.010024234412866232
211,219,2017-03-01,91.7700,91.91,90.65,91.4300,2858644,March,Wednesday,2017,KHC,-0.003704914460063084,3,3,0.013899613899613798
212,220,2017-02-28,90.6800,91.98,90.35,91.5100,4267732,February,Tuesday,2017,KHC,0.009153065725628564,2,2,0.0180409518539016
213,221,2017-02-27,92.6000,92.87,90.33,90.6100,6085677,February,Monday,2017,KHC,-0.021490280777537743,1,2,0.028119118786671164
214,222,2017-02-24,93.5100,93.8,92.57,93.0800,2670483,February,Friday,2017,KHC,-0.004598438669661071,5,2,0.013287242087069289
215,223,2017-02-23,93.2900,93.62,92.35,92.9400,2901140,February,Thursday,2017,KHC,-0.003751741880158736,4,2,0.013752030319437036
216,224,2017-02-22,94.8500,95.0,92.99,93.3600,5000119,February,Wednesday,2017,KHC,-0.01570901423299942,3,2,0.021615227443811218
217,225,2017-02-21,91.8200,95.48,91.35,94.8700,14423224,February,Tuesday,2017,KHC,0.03321716401655425,2,2,0.04521072796934877
218,226,2017-02-17,92.0000,97.77,91.85,96.6500,30007660,February,Friday,2017,KHC,0.05054347826086963,5,2,0.064452912357104
219,227,2017-02-16,89.1000,89.84,86.35,87.2800,10584747,February,Thursday,2017,KHC,-0.020426487093153686,4,2,0.040416907932831606
220,228,2017-02-15,91.1300,91.3,90.26,91.0950,3083858,February,Wednesday,2017,KHC,-0.000384066717875525,3,2,0.011522269000664657
221,229,2017-02-14,90.5700,91.063,90.1,90.8100,2323242,February,Tuesday,2017,KHC,0.0026498840675721444,2,2,0.010688124306326395
222,230,2017-02-13,90.3100,90.6,89.695,90.5800,1812547,February,Monday,2017,KHC,0.0029897021370833355,1,2,0.010089748592452213
223,231,2017-02-10,89.6000,90.54,89.34,90.2000,1882092,February,Friday,2017,KHC,0.006696428571428667,5,2,0.01343183344526531
224,232,2017-02-09,89.2700,90.39,89.04,89.7800,2708309,February,Thursday,2017,KHC,0.005713005488966115,4,2,0.01516172506738538
225,233,2017-02-08,88.8100,89.31,88.79,89.1900,3300398,February,Wednesday,2017,KHC,0.004278797432721489,3,2,0.00585651537335281
226,234,2017-02-07,88.7100,89.02,88.5,88.8100,2599297,February,Tuesday,2017,KHC,0.0011272686281141758,2,2,0.005875706214689221
227,235,2017-02-06,89.3000,89.4,88.64,88.7000,1359780,February,Monday,2017,KHC,-0.006718924972004416,1,2,0.008574007220216664
228,236,2017-02-03,89.2100,89.35,88.64,89.2700,2205056,February,Friday,2017,KHC,0.000672570339648047,5,2,0.008009927797833865
229,237,2017-02-02,88.5100,89.1,88.32,88.6100,1826675,February,Thursday,2017,KHC,0.0011298158400180128,4,2,0.008831521739130448
230,238,2017-02-01,88.8900,89.335,88.308,88.4100,1816784,February,Wednesday,2017,KHC,-0.0053999325008437845,3,2,0.011629750418987938
231,239,2017-01-31,88.9000,89.56,88.835,89.2900,2650528,January,Tuesday,2017,KHC,0.004386951631046125,2,1,0.008161197726121557
232,240,2017-01-30,89.0900,89.5,88.63,89.0800,2233590,January,Monday,2017,KHC,-0.00011224604332703014,1,1,0.009816089360261814
233,241,2017-01-27,88.9600,89.77,88.78,89.4300,1842940,January,Friday,2017,KHC,0.005283273381295112,5,1,0.011151160171209673
234,242,2017-01-26,89.4900,89.9,88.715,89.4100,3092073,January,Thursday,2017,KHC,-0.000893954631802417,4,1,0.013357380375359322
235,243,2017-01-25,88.9300,89.27,88.41,88.8400,2267495,January,Wednesday,2017,KHC,-0.0010120319352299944,3,1,0.00972740640199072
236,244,2017-01-24,88.9100,89.19,88.32,88.6900,2171124,January,Tuesday,2017,KHC,-0.0024744123270723077,2,1,0.009850543478260922
237,245,2017-01-23,88.6600,88.95,88.2,88.8000,2654131,January,Monday,2017,KHC,0.001579066095195134,1,1,0.008503401360544217
238,246,2017-01-20,88.3500,89.0,88.01,88.9500,2795514,January,Friday,2017,KHC,0.006791171477079893,5,1,0.011248721736166286
239,247,2017-01-19,88.1800,88.43,87.55,87.8500,1690802,January,Thursday,2017,KHC,-0.0037423452029940176,4,1,0.010051399200456992
240,248,2017-01-18,87.8000,88.59,87.8,88.3500,2881765,January,Wednesday,2017,KHC,0.006264236902050082,3,1,0.008997722095672053
241,249,2017-01-17,86.7100,87.975,86.71,87.9200,2304841,January,Tuesday,2017,KHC,0.01395456118094808,2,1,0.01458885941644563
242,250,2017-01-13,87.4200,87.43,86.5775,87.0300,1799100,January,Friday,2017,KHC,-0.00446122168840083,5,1,0.009846669169241503
243,251,2017-01-12,86.8300,87.77,86.5,87.4200,2484719,January,Thursday,2017,KHC,0.006794886559944759,4,1,0.014682080924855446
244,252,2017-01-11,86.1200,87.04,86.04,86.7600,2754510,January,Wednesday,2017,KHC,0.0074314909428704196,3,1,0.011622501162250115
245,253,2017-01-10,85.8500,86.3,85.41,85.9100,2539939,January,Tuesday,2017,KHC,0.0006988934187536666,2,1,0.010420325488818646
246,254,2017-01-09,86.2500,86.475,85.59,86.0700,2482512,January,Monday,2017,KHC,-0.0020869565217392096,1,1,0.010339992989835154
247,255,2017-01-06,86.5300,86.6298,85.83,86.3100,2450244,January,Friday,2017,KHC,-0.0025424708193689917,5,1,0.009318420132820747
248,256,2017-01-05,86.9000,87.3,86.08,86.5300,3037390,January,Thursday,2017,KHC,-0.004257767548906842,4,1,0.014172862453531585
249,257,2017-01-04,87.5200,87.97,86.9,87.0300,2274880,January,Wednesday,2017,KHC,-0.0055987202925045125,3,1,0.012313003452243879
250,258,2017-01-03,87.8500,87.97,86.4,87.5300,3104614,January,Tuesday,2017,KHC,-0.0036425725668752782,2,1,0.018171296296296217
251,259,2016-12-30,88.0200,88.16,87.07,87.3200,2051740,December,Friday,2016,KHC,-0.00795273801408774,5,12,0.012518663144596341
252,260,2016-12-29,87.3000,88.15,87.3,87.9300,1837797,December,Thursday,2016,KHC,0.007216494845360935,4,12,0.009736540664375813
253,261,2016-12-28,87.5000,87.77,87.03,87.3100,1384774,December,Wednesday,2016,KHC,-0.0021714285714285455,3,12,0.008502815121222508
254,262,2016-12-27,87.6600,88.08,87.3,87.5800,1993198,December,Tuesday,2016,KHC,-0.0009126169290440143,2,12,0.008934707903780082
255,263,2016-12-23,87.1000,87.62,86.96,87.5700,2488277,December,Friday,2016,KHC,0.005396096440872547,5,12,0.007589696412143639
256,264,2016-12-22,86.4500,87.29,86.3,87.2800,1966288,December,Thursday,2016,KHC,0.009600925390399055,4,12,0.01147161066048678
257,265,2016-12-21,85.9300,86.99,85.8,86.6100,2202026,December,Wednesday,2016,KHC,0.007913417898289218,3,12,0.013869463869463843
258,266,2016-12-20,86.2800,86.6,85.33,85.9800,2665452,December,Tuesday,2016,KHC,-0.0034770514603615806,2,12,0.014883393882573492
259,267,2016-12-19,86.3500,86.89,85.72,86.6000,3365385,December,Monday,2016,KHC,0.002895193977996526,1,12,0.013649090060662642
260,268,2016-12-16,85.8800,86.56,84.86,86.4600,6037676,December,Friday,2016,KHC,0.006753609687936636,5,12,0.02003299552203633
261,269,2016-12-15,85.1300,86.06,84.13,85.3700,4410125,December,Thursday,2016,KHC,0.0028192176670974877,4,12,0.022940687031974407
262,270,2016-12-14,84.9800,85.4,83.72,84.3600,3348594,December,Wednesday,2016,KHC,-0.007295834313956278,3,12,0.020066889632107104
263,271,2016-12-13,84.6000,85.6,84.03,84.9400,3644132,December,Tuesday,2016,KHC,0.004018912529550868,2,12,0.01868380340354627
264,272,2016-12-12,83.6000,84.83,83.29,84.2000,2536296,December,Monday,2016,KHC,0.007177033492823069,1,12,0.01848961459959169
265,273,2016-12-09,82.5500,83.7925,82.07,83.7800,2381487,December,Friday,2016,KHC,0.014900060569351956,5,12,0.020988180821250285
266,274,2016-12-08,82.5900,82.79,81.86,82.3100,2497664,December,Thursday,2016,KHC,-0.0033902409492674794,4,12,0.011360860004886475
267,275,2016-12-07,80.4400,83.21,80.27,82.9500,4870172,December,Wednesday,2016,KHC,0.031203381402287483,3,12,0.036626385947427405
268,276,2016-12-06,80.6100,80.878,79.69,79.9600,3566761,December,Tuesday,2016,KHC,-0.00806351569284215,2,12,0.014907767599447891
269,277,2016-12-05,80.9100,81.15,80.115,80.2800,4415506,December,Monday,2016,KHC,-0.007786429365962124,1,12,0.012918929039505846
270,278,2016-12-02,80.7400,81.52,80.35,80.9100,2779307,December,Friday,2016,KHC,0.0021055239038890476,5,12,0.014561294337274447
271,279,2016-12-01,81.5100,81.78,79.93,80.4900,4044063,December,Thursday,2016,KHC,-0.012513801987486323,4,12,0.023145252095583563
272,280,2016-11-30,83.1000,83.51,81.65,81.6500,3309895,November,Wednesday,2016,KHC,-0.01744885679903717,3,11,0.022780159216166555
273,281,2016-11-29,83.4000,84.5,83.13,84.0000,3744596,November,Tuesday,2016,KHC,0.007194244604316478,2,11,0.016480211716588533
274,282,2016-11-28,82.9500,83.67,82.36,83.2200,2642268,November,Monday,2016,KHC,0.0032549728752259916,1,11,0.01590577950461392
275,283,2016-11-25,82.6300,83.29,82.63,82.9500,1230342,November,Friday,2016,KHC,0.0038726854653274526,5,11,0.007987413772237818
276,284,2016-11-23,83.8000,84.31,81.73,82.4400,3459998,November,Wednesday,2016,KHC,-0.016229116945107393,3,11,0.03156735592805577
277,285,2016-11-22,83.8600,84.4698,83.7,84.0900,2647972,November,Tuesday,2016,KHC,0.0027426663486764128,2,11,0.009197132616487498
278,286,2016-11-21,82.5300,83.82,82.205,83.6400,2508635,November,Monday,2016,KHC,0.01344965467102871,1,11,0.019646006933884737
279,287,2016-11-18,82.7000,82.93,82.02,82.5300,2715717,November,Friday,2016,KHC,-0.0020556227327690655,5,11,0.01109485491343588
280,288,2016-11-17,82.3100,82.84,81.5,82.8400,3161607,November,Thursday,2016,KHC,0.006439071801725199,4,11,0.016441717791411084
281,289,2016-11-16,81.3800,82.75,81.29,82.4000,3327175,November,Wednesday,2016,KHC,0.012533792086507867,3,11,0.01796038873170124
282,290,2016-11-15,80.5700,81.72,80.22,81.1400,5723931,November,Tuesday,2016,KHC,0.007074593521161815,2,11,0.018698578908002993
283,291,2016-11-14,81.0100,81.63,79.92,80.0800,4463441,November,Monday,2016,KHC,-0.011480064189606305,1,11,0.021396396396396317
284,292,2016-11-11,81.0000,81.74,80.16,81.2100,4151058,November,Friday,2016,KHC,0.0025925925925925153,5,11,0.01971057884231535
285,293,2016-11-10,85.0300,85.53,80.56,81.4200,7643625,November,Thursday,2016,KHC,-0.042455603904504285,4,11,0.06169314796425023
286,294,2016-11-09,86.1800,86.97,84.18,84.9400,5097213,November,Wednesday,2016,KHC,-0.014388489208633198,3,11,0.033143264433356995
287,295,2016-11-08,86.2300,88.84,86.07,88.3400,2791206,November,Tuesday,2016,KHC,0.024469442189493207,2,11,0.03218310677355653
288,296,2016-11-07,85.3200,86.09,84.3,86.0300,4101146,November,Monday,2016,KHC,0.008321612751992592,1,11,0.02123368920521953
289,297,2016-11-04,82.0300,85.24,81.0,84.0500,7825153,November,Friday,2016,KHC,0.02462513714494692,5,11,0.05234567901234562
290,298,2016-11-03,88.1200,88.37,86.13,86.2500,5041946,November,Thursday,2016,KHC,-0.021221062187925608,4,11,0.026007198420991633
291,299,2016-11-02,88.6300,88.69,87.98,88.1500,1917836,November,Wednesday,2016,KHC,-0.005415773440144305,3,11,0.008070015912707363
292,300,2016-11-01,89.0000,89.18,88.11,88.3700,2542688,November,Tuesday,2016,KHC,-0.0070786516853932075,2,11,0.012143911020315598
293,301,2016-10-31,88.4400,89.16,88.31,88.9500,3578117,October,Monday,2016,KHC,0.005766621438263287,1,10,0.009625184010870732
294,302,2016-10-28,87.4800,88.67,87.48,88.0800,1771052,October,Friday,2016,KHC,0.006858710562414201,5,10,0.0136031092821216
295,303,2016-10-27,88.1700,88.3699,87.181,87.6900,2127848,October,Thursday,2016,KHC,-0.005444028581150096,4,10,0.01363714570835393
296,304,2016-10-26,88.5100,88.7,87.91,88.0800,1513368,October,Wednesday,2016,KHC,-0.004858208112077808,3,10,0.008986463428506498
297,305,2016-10-25,89.2300,89.68,88.17,88.3600,3220140,October,Tuesday,2016,KHC,-0.009750084052448779,2,10,0.01712600657820126
298,306,2016-10-24,88.6100,89.22,88.511,88.9100,1744473,October,Monday,2016,KHC,0.0033856223902493754,1,10,0.00801030380404699
299,307,2016-10-21,87.6500,88.18,86.9797,87.9200,2086578,October,Friday,2016,KHC,0.0030804335424985283,5,10,0.01379977167086128
300,308,2016-10-20,87.2200,88.76,87.22,87.9600,2662129,October,Thursday,2016,KHC,0.008484292593441812,4,10,0.01765650080256829
301,309,2016-10-19,88.9300,88.95,87.55,88.0800,2720953,October,Wednesday,2016,KHC,-0.009558079388283014,3,10,0.015990862364363288
302,310,2016-10-18,90.0900,90.15,88.9,88.9300,2739950,October,Tuesday,2016,KHC,-0.012876012876012838,2,10,0.014060742407199098
303,311,2016-10-17,88.7200,89.0,88.03,88.8300,2208358,October,Monday,2016,KHC,0.001239855725879164,1,10,0.011018970805407235
304,312,2016-10-14,87.3400,88.7,87.06,88.5300,2388906,October,Friday,2016,KHC,0.01362491412869244,5,10,0.01883758327590168
305,313,2016-10-13,86.7900,87.32,86.5,87.0500,2861894,October,Thursday,2016,KHC,0.0029957368360409137,4,10,0.009479768786127088
306,314,2016-10-12,88.4600,88.46,87.0,87.1400,3072897,October,Wednesday,2016,KHC,-0.014921998643454592,3,10,0.01678160919540223
307,315,2016-10-11,88.2400,88.4999,87.06,87.2400,2508653,October,Tuesday,2016,KHC,-0.011332728921124207,2,10,0.01653916838961629
308,316,2016-10-10,87.4400,88.67,87.44,88.5000,2012548,October,Monday,2016,KHC,0.012122598353156476,1,10,0.014066788655077813
309,317,2016-10-07,87.7600,87.76,86.7,87.4000,1723648,October,Friday,2016,KHC,-0.004102096627164989,5,10,0.0122260668973472
310,318,2016-10-06,87.0300,87.66,86.78,87.4900,1172102,October,Thursday,2016,KHC,0.005285533724003145,4,10,0.010140585388338274
311,319,2016-10-05,88.3200,88.32,87.34,87.3800,1910963,October,Wednesday,2016,KHC,-0.01064311594202896,3,10,0.01122051751774662
312,320,2016-10-04,89.2900,89.29,87.69,88.0200,1940530,October,Tuesday,2016,KHC,-0.014223317280770637,2,10,0.01824609419546138
313,321,2016-10-03,89.2500,89.46,88.75,89.0800,1857873,October,Monday,2016,KHC,-0.0019047619047619238,1,10,0.007999999999999929
314,322,2016-09-30,89.0000,89.91,88.85,89.5100,2499174,September,Friday,2016,KHC,0.0057303370786517425,5,9,0.011930219471018596
315,323,2016-09-29,89.2300,89.43,88.41,88.5700,1411764,September,Thursday,2016,KHC,-0.007396615488064673,4,9,0.011537156430268185
316,324,2016-09-28,89.5800,89.62,88.81,89.5500,1628667,September,Wednesday,2016,KHC,-0.0003348961821835358,3,9,0.009120594527643308
317,325,2016-09-27,88.7600,89.49,88.52,89.2300,1530325,September,Tuesday,2016,KHC,0.005295178008111749,2,9,0.010957975598734737
318,326,2016-09-26,88.7800,88.98,88.06,88.5300,1487435,September,Monday,2016,KHC,-0.0028159495381842757,1,9,0.010447422212128113
319,327,2016-09-23,89.1900,89.5,88.67,88.8300,1466988,September,Friday,2016,KHC,-0.004036326942482335,5,9,0.009360550355249783
320,328,2016-09-22,88.6300,89.16,88.34,89.0500,1516795,September,Thursday,2016,KHC,0.004738801760126387,4,9,0.009282318315598745
321,329,2016-09-21,87.2600,88.16,86.76,87.9100,2592413,September,Wednesday,2016,KHC,0.0074490029796010935,3,9,0.016136468418625996
322,330,2016-09-20,87.4800,87.72,87.1,87.1200,3018384,September,Tuesday,2016,KHC,-0.004115226337448553,2,9,0.007118254879448962
323,331,2016-09-19,88.8800,89.0,86.9,86.9700,4032444,September,Monday,2016,KHC,-0.02148964896489645,1,9,0.02416570771001144
324,332,2016-09-16,88.8300,89.13,87.65,88.9400,4476758,September,Friday,2016,KHC,0.001238320387256551,5,9,0.016885339418140213
325,333,2016-09-15,87.3600,89.26,87.32,89.1700,1967612,September,Thursday,2016,KHC,0.020718864468864496,4,9,0.02221713238662405
326,334,2016-09-14,88.1300,88.82,87.38,87.6800,1910701,September,Wednesday,2016,KHC,-0.005106093271303627,3,9,0.01647974364843211
327,335,2016-09-13,89.2700,89.27,87.45,88.2700,2579768,September,Tuesday,2016,KHC,-0.01120197154699227,2,9,0.02081189251000564
328,336,2016-09-12,85.5800,88.7,85.35,88.5600,3014953,September,Monday,2016,KHC,0.03482121991119425,1,9,0.03925014645577046
329,337,2016-09-09,88.2400,88.3697,85.95,85.9700,3837863,September,Friday,2016,KHC,-0.025725294650951906,5,9,0.028152414194298914
330,338,2016-09-08,89.7000,89.79,88.71,89.1900,2191620,September,Thursday,2016,KHC,-0.0056856187290970465,4,9,0.0121745011836322
331,339,2016-09-07,89.2300,89.81,88.96,89.7900,3344795,September,Wednesday,2016,KHC,0.006275916171691161,3,9,0.00955485611510801
332,340,2016-09-06,89.6900,90.18,89.1347,89.7400,1786384,September,Tuesday,2016,KHC,0.0005574757498048518,2,9,0.011727194908380369
333,341,2016-09-02,89.9000,90.54,89.11,89.6100,2062089,September,Friday,2016,KHC,-0.0032258064516129726,5,9,0.016047581640668912
334,342,2016-09-01,89.5700,89.71,88.54,89.4800,2215474,September,Thursday,2016,KHC,-0.001004800714524832,4,9,0.013214366388073046
335,343,2016-08-31,88.1100,89.82,88.11,89.4900,2696431,August,Wednesday,2016,KHC,0.015662240381341452,3,8,0.01940755873340136
336,344,2016-08-30,88.6300,88.825,87.77,87.9700,1841543,August,Tuesday,2016,KHC,-0.007446688480198541,2,8,0.012020052409707268
337,345,2016-08-29,88.3500,88.81,88.13,88.5700,1685105,August,Monday,2016,KHC,0.0024900962082625793,1,8,0.007715874276636865
338,346,2016-08-26,89.0400,89.45,87.92,88.1700,1863591,August,Friday,2016,KHC,-0.00977088948787067,5,8,0.0174021838034577
339,347,2016-08-25,88.9900,89.94,88.6934,88.9000,1825891,August,Thursday,2016,KHC,-0.0010113495898414339,4,8,0.014055160812416718
340,348,2016-08-24,88.8400,88.99,88.03,88.9500,2581185,August,Wednesday,2016,KHC,0.0012381809995497459,3,8,0.010905373168238029
341,349,2016-08-23,90.2500,90.48,89.3472,89.4700,2020041,August,Tuesday,2016,KHC,-0.008642659279778406,2,8,0.012678628988933096
342,350,2016-08-22,89.8800,90.39,89.52,89.9700,2092812,August,Monday,2016,KHC,0.0010013351134846842,1,8,0.009718498659517478
343,351,2016-08-19,89.6000,90.2,89.35,89.9200,1694926,August,Friday,2016,KHC,0.003571428571428654,5,8,0.009513150531617331
344,352,2016-08-18,89.3000,89.86,89.0998,89.7600,1823007,August,Thursday,2016,KHC,0.00515117581187019,4,8,0.008532005683514414
345,353,2016-08-17,89.0500,89.47,88.24,89.4100,1832898,August,Wednesday,2016,KHC,0.0040426726558113356,3,8,0.01393925657298282
346,354,2016-08-16,89.0300,89.17,88.255,88.9600,2259601,August,Tuesday,2016,KHC,-0.0007862518252275344,2,8,0.01036768455045047
347,355,2016-08-15,89.7100,89.89,88.85,89.0800,1661022,August,Monday,2016,KHC,-0.007022628469512825,1,8,0.011705120990433386
348,356,2016-08-12,89.2300,90.47,89.23,89.5600,1539255,August,Friday,2016,KHC,0.003698307744032257,5,8,0.013896671523030313
349,357,2016-08-11,89.7100,90.43,89.29,89.4400,2588811,August,Thursday,2016,KHC,-0.0030096979155054735,4,8,0.012767387165416066
350,358,2016-08-10,89.7700,89.95,88.97,89.3500,1423146,August,Wednesday,2016,KHC,-0.004678623148045023,3,8,0.011014948859166056
351,359,2016-08-09,88.9300,89.99,88.735,89.7800,2275827,August,Tuesday,2016,KHC,0.009558079388282854,2,8,0.014143235476418499
352,360,2016-08-08,88.7100,88.79,87.59,88.7500,2427983,August,Monday,2016,KHC,0.00045090745124570233,1,8,0.013700194086082917
353,361,2016-08-05,89.8500,90.49,88.5,88.7900,5106387,August,Friday,2016,KHC,-0.011797440178074436,5,8,0.02248587570621463
354,362,2016-08-04,85.1300,85.64,84.68,85.5400,3221770,August,Thursday,2016,KHC,0.0048161635146248185,4,8,0.01133679735474721
355,363,2016-08-03,85.3100,85.4759,84.25,84.9000,2491478,August,Wednesday,2016,KHC,-0.004806001641073691,3,8,0.01455074183976256
356,364,2016-08-02,85.7500,85.75,84.64,85.1500,2832285,August,Tuesday,2016,KHC,-0.00699708454810489,2,8,0.013114366729678632
357,365,2016-08-01,86.3000,86.58,85.52,85.9700,2778456,August,Monday,2016,KHC,-0.0038238702201622054,1,8,0.012394761459307792
358,366,2016-07-29,86.2300,86.63,85.8601,86.3900,1778876,July,Friday,2016,KHC,0.001855502725269588,5,7,0.008966912454096754
359,367,2016-07-28,85.6800,86.21,85.24,85.9600,2190301,July,Thursday,2016,KHC,0.0032679738562089973,4,7,0.011379633974659771
360,368,2016-07-27,87.3800,87.46,85.2,85.6300,3931690,July,Wednesday,2016,KHC,-0.020027466239414055,3,7,0.026525821596244024
361,369,2016-07-26,88.5400,88.79,87.04,87.0600,1553078,July,Tuesday,2016,KHC,-0.016715608764400314,2,7,0.020105698529411763
362,370,2016-07-25,88.1600,88.43,87.83,88.4100,1447370,July,Monday,2016,KHC,0.0028357531760435572,1,7,0.006831378799954555
363,371,2016-07-22,88.0200,88.49,87.815,88.1600,2022941,July,Friday,2016,KHC,0.001590547602817548,5,7,0.007686613904230453
364,372,2016-07-21,88.1000,88.19,87.3265,87.6400,2081113,July,Thursday,2016,KHC,-0.005221339387060088,4,7,0.009888178273490887
365,373,2016-07-20,88.8700,88.95,87.94,88.1700,2229505,July,Wednesday,2016,KHC,-0.007876673793181082,3,7,0.011485103479645271
366,374,2016-07-19,88.8400,89.11,88.26,88.9700,1751675,July,Tuesday,2016,KHC,0.001463304817649656,2,7,0.009630636755041857
367,375,2016-07-18,89.0800,89.3,88.54,89.1000,1769351,July,Monday,2016,KHC,0.00022451728783111835,1,7,0.00858369098712436
368,376,2016-07-15,88.9000,89.2199,88.13,88.8600,2311908,July,Friday,2016,KHC,-0.0004499437570304415,5,7,0.012366957903097699
369,377,2016-07-14,89.1400,89.247,87.86,88.3400,3457827,July,Thursday,2016,KHC,-0.008974646623289177,4,7,0.015786478488504445
370,378,2016-07-13,87.8300,89.08,87.63,89.0200,2702395,July,Wednesday,2016,KHC,0.013548901286576315,3,7,0.016546844687892307
371,379,2016-07-12,89.4900,89.72,87.63,87.8000,4362929,July,Tuesday,2016,KHC,-0.018884791596826437,2,7,0.02385027958461718
372,380,2016-07-11,89.9300,90.15,89.31,89.8400,2860458,July,Monday,2016,KHC,-0.001000778383186961,1,7,0.009405441719852237
373,381,2016-07-08,89.9300,90.26,89.13,89.8500,3703552,July,Friday,2016,KHC,-0.0008895807850551818,5,7,0.012678110624929987
374,382,2016-07-07,89.5700,89.82,88.81,89.3100,2525580,July,Thursday,2016,KHC,-0.0029027576197386503,4,7,0.011372593176443992
375,383,2016-07-06,88.6500,89.765,88.25,89.7400,3331672,July,Wednesday,2016,KHC,0.012295544275239585,3,7,0.017167138810198306
376,384,2016-07-05,88.1900,89.49,87.5,88.7400,3320380,July,Tuesday,2016,KHC,0.0062365347545072815,2,7,0.022742857142857086
377,385,2016-07-01,88.5800,89.4,88.15,88.2400,2551756,July,Friday,2016,KHC,-0.003838338225333071,5,7,0.014180374361883153
378,386,2016-06-30,86.3900,88.63,86.17,88.4800,5571245,June,Thursday,2016,KHC,0.024192614885982212,4,6,0.02854821863757681
379,387,2016-06-29,85.0300,86.33,84.7,86.1000,3348489,June,Wednesday,2016,KHC,0.012583793955074599,3,6,0.019244391971664644
380,388,2016-06-28,83.8770,84.79,83.0,84.7700,3569449,June,Tuesday,2016,KHC,0.010646541960251329,2,6,0.02156626506024104
381,389,2016-06-27,83.2300,83.85,82.5,83.6300,3583834,June,Monday,2016,KHC,0.004805959389643055,1,6,0.016363636363636296
382,390,2016-06-24,83.7000,85.1,83.42,83.7300,11942081,June,Friday,2016,KHC,0.0003584229390681139,5,6,0.020139055382402214
383,391,2016-06-23,85.9400,86.388,85.425,86.3700,2452214,June,Thursday,2016,KHC,0.005003490807540224,4,6,0.01127304653204575
384,392,2016-06-22,85.9400,85.99,85.08,85.2100,1961395,June,Wednesday,2016,KHC,-0.008494298347684478,3,6,0.01069581570286785
385,393,2016-06-21,85.5400,86.44,85.49,85.6900,1953719,June,Tuesday,2016,KHC,0.0017535655833527176,2,6,0.011112410808281705
386,394,2016-06-20,85.4900,86.5,85.2375,85.5000,2854143,June,Monday,2016,KHC,0.00011697274535039323,1,6,0.014811555946619773
387,395,2016-06-17,85.3400,85.37,84.02,84.8200,5526748,June,Friday,2016,KHC,-0.006093273962971763,5,6,0.016067602951678275
388,396,2016-06-16,84.6800,85.32,83.98,85.2800,2333360,June,Thursday,2016,KHC,0.007085498346716985,4,6,0.01595618004286722
389,397,2016-06-15,85.0000,85.39,84.36,84.8400,2967405,June,Wednesday,2016,KHC,-0.0018823529411764305,3,6,0.012209577999051697
390,398,2016-06-14,84.9400,85.29,84.33,84.8800,2637713,June,Tuesday,2016,KHC,-0.0007063809748057721,2,6,0.011383849163998672
391,399,2016-06-13,85.2700,85.75,84.645,84.9500,2790387,June,Monday,2016,KHC,-0.003752785270317734,1,6,0.013054521826451698
392,400,2016-06-10,85.6000,85.6,84.71,85.3400,2117958,June,Friday,2016,KHC,-0.003037383177569987,5,6,0.01050643371502775
393,401,2016-06-09,84.9200,85.73,84.78,85.6200,2098598,June,Thursday,2016,KHC,0.008243052284503095,4,6,0.011205472988912512
394,402,2016-06-08,85.0600,85.42,84.33,85.1800,1757256,June,Wednesday,2016,KHC,0.0014107688690336768,3,6,0.012925412071623425
395,403,2016-06-07,85.1700,85.68,84.62,84.7500,2454660,June,Tuesday,2016,KHC,-0.004931313842902451,2,6,0.012526589458756822
396,404,2016-06-06,85.5000,85.6,84.69,84.9900,2552651,June,Monday,2016,KHC,-0.005964912280701814,1,6,0.010745070256228558
397,405,2016-06-03,85.0000,85.42,84.7,85.3000,3031379,June,Friday,2016,KHC,0.003529411764705849,5,6,0.008500590318772124
398,406,2016-06-02,83.8800,84.79,83.55,84.7800,2207230,June,Thursday,2016,KHC,0.010729613733905647,4,6,0.014841412327947447
399,407,2016-06-01,83.0900,83.99,83.0,83.9500,1955414,June,Wednesday,2016,KHC,0.010350222650138397,3,6,0.011927710843373433
400,408,2016-05-31,84.1600,84.44,82.6737,83.1900,3943680,May,Tuesday,2016,KHC,-0.011525665399239531,2,5,0.021364714534368258
401,409,2016-05-27,83.6600,84.26,83.5,84.1000,1272865,May,Friday,2016,KHC,0.005259383217786251,5,5,0.00910179640718569
402,410,2016-05-26,84.0200,84.82,83.76,83.8100,2424016,May,Thursday,2016,KHC,-0.002499404903594308,4,5,0.012655205348614947
403,411,2016-05-25,83.5600,84.78,83.13,84.2700,2701475,May,Wednesday,2016,KHC,0.008496888463379532,3,5,0.019848430169613927
404,412,2016-05-24,83.1300,84.375,82.7,84.2200,2385573,May,Tuesday,2016,KHC,0.013111993263563135,2,5,0.02025392986698908
405,413,2016-05-23,82.5100,83.25,82.42,82.8100,1996906,May,Monday,2016,KHC,0.0036359229184340946,1,5,0.010070371269109419
406,414,2016-05-20,82.4000,82.86,81.82,82.4200,2720117,May,Friday,2016,KHC,0.00024271844660189344,5,5,0.01271082864825234
407,415,2016-05-19,80.8500,83.02,80.61,83.0000,3932845,May,Thursday,2016,KHC,0.026592455163883807,4,5,0.029897035107306742
408,416,2016-05-18,81.9500,82.2792,80.4601,81.1800,8695601,May,Wednesday,2016,KHC,-0.009395973154362367,3,5,0.022608721589955843
409,417,2016-05-17,85.6900,86.06,81.77,82.1600,7395062,May,Tuesday,2016,KHC,-0.041195005251487934,2,5,0.052464228934817246
410,418,2016-05-16,85.3300,86.24,85.04,85.8700,2061887,May,Monday,2016,KHC,0.006328372202039216,1,5,0.014111006585136272
411,419,2016-05-13,86.0300,86.45,84.72,85.1300,2857256,May,Friday,2016,KHC,-0.010461466930140715,5,5,0.020420207743153965
412,420,2016-05-12,85.4800,86.66,85.15,86.3400,2427536,May,Thursday,2016,KHC,0.010060832943378561,4,5,0.01773341162654129
413,421,2016-05-11,85.9700,86.54,85.19,85.2000,2824540,May,Wednesday,2016,KHC,-0.008956612771897127,3,5,0.01584693039089105
414,422,2016-05-10,84.4400,86.2,84.23,86.1400,3593730,May,Tuesday,2016,KHC,0.02013263855992424,2,5,0.02338834144604059
415,423,2016-05-09,84.0000,84.79,83.64,84.2600,3272295,May,Monday,2016,KHC,0.003095238095238156,1,5,0.01374940219990442
416,424,2016-05-06,82.8300,84.04,81.94,84.0000,3993622,May,Friday,2016,KHC,0.014125316914161556,5,5,0.025628508664876842
417,425,2016-05-05,82.9600,84.17,82.5,82.9700,8629304,May,Thursday,2016,KHC,0.00012054001928646477,4,5,0.020242424242424263
418,426,2016-05-04,78.4800,80.3,78.29,79.9800,4686999,May,Wednesday,2016,KHC,0.0191131498470948,3,5,0.02567377698301176
419,427,2016-05-03,79.0200,79.29,78.221,78.6800,2508165,May,Tuesday,2016,KHC,-0.004302708175145396,2,5,0.013666406719423206
420,428,2016-05-02,78.0700,80.25,78.0,79.5200,3700714,May,Monday,2016,KHC,0.0185730754451134,1,5,0.028846153846153848
421,429,2016-04-29,77.6100,78.285,77.13,78.0700,3208743,April,Friday,2016,KHC,0.005927071253704339,5,4,0.014974718008556997
422,430,2016-04-28,78.5500,79.23,78.09,78.3600,1962623,April,Thursday,2016,KHC,-0.0024188415022278515,4,4,0.014598540145985408
423,431,2016-04-27,79.2200,79.5,77.99,79.1000,2249598,April,Wednesday,2016,KHC,-0.0015147689977279039,3,4,0.01936145659699968
424,432,2016-04-26,78.7100,79.55,78.51,78.7000,2315687,April,Tuesday,2016,KHC,-0.0001270486596365253,2,4,0.013246720163036454
425,433,2016-04-25,77.8800,78.84,77.54,78.7300,2323826,April,Monday,2016,KHC,0.010914227015922042,1,4,0.016765540366262537
426,434,2016-04-22,76.7000,78.15,76.7,78.1000,2409831,April,Friday,2016,KHC,0.018252933507170683,5,4,0.01890482398956979
427,435,2016-04-21,77.7900,77.92,76.6408,76.7400,2110736,April,Thursday,2016,KHC,-0.013497878904743686,4,4,0.016690848738530953
428,436,2016-04-20,78.3400,78.68,77.5,77.9200,1867393,April,Wednesday,2016,KHC,-0.005361245851416922,3,4,0.015225806451612992
429,437,2016-04-19,78.3400,78.88,77.86,78.3000,2591180,April,Tuesday,2016,KHC,-0.0005105948429921656,2,4,0.013100436681222656
430,438,2016-04-18,77.9200,78.36,77.27,78.3400,2207308,April,Monday,2016,KHC,0.005390143737166346,1,4,0.014106380225184463
431,439,2016-04-15,77.5600,78.29,77.13,78.0500,3042235,April,Friday,2016,KHC,0.006317689530685854,5,4,0.015039543627641785
432,440,2016-04-14,77.4000,77.815,76.89,77.1700,3150477,April,Thursday,2016,KHC,-0.002971576227390232,4,4,0.012030172974378946
433,441,2016-04-13,78.6800,78.73,77.09,77.4000,3246351,April,Wednesday,2016,KHC,-0.016268429079816994,3,4,0.021273835776365293
434,442,2016-04-12,78.0000,78.63,77.54,78.3300,2348275,April,Tuesday,2016,KHC,0.004230769230769209,2,4,0.014057260768635402
435,443,2016-04-11,78.7300,79.0,77.85,77.9100,2894766,April,Monday,2016,KHC,-0.010415343579321825,1,4,0.014771997430957043
436,444,2016-04-08,77.9700,78.6,77.54,78.4700,2138989,April,Friday,2016,KHC,0.006412722842118764,5,4,0.013670363683260097
437,445,2016-04-07,78.0200,78.29,77.025,77.5000,3216442,April,Thursday,2016,KHC,-0.006664957703152987,4,4,0.01642323920804934
438,446,2016-04-06,78.4200,78.42,77.5,78.3600,2421860,April,Wednesday,2016,KHC,-0.0007651109410864865,3,4,0.011870967741935506
439,447,2016-04-05,78.4700,78.85,77.89,78.0100,2679566,April,Tuesday,2016,KHC,-0.005862112909392044,2,4,0.012325073822056666
440,448,2016-04-04,78.9700,79.09,78.38,78.8500,3495210,April,Monday,2016,KHC,-0.001519564391541149,1,4,0.009058433273794438
441,449,2016-04-01,78.5300,79.16,78.115,79.0800,3418193,April,Friday,2016,KHC,0.007003692856233251,5,4,0.013377712347180461
442,450,2016-03-31,78.9500,78.95,78.28,78.5600,3400306,March,Thursday,2016,KHC,-0.004939835338822046,4,3,0.008559018906489546
443,451,2016-03-30,78.9200,79.05,78.27,78.9000,3340584,March,Wednesday,2016,KHC,-0.0002534211860111001,3,3,0.009965504024530487
444,452,2016-03-29,77.5800,78.81,77.03,78.8000,3907409,March,Tuesday,2016,KHC,0.015725702500644482,2,3,0.023107880046735054
445,453,2016-03-28,76.6200,77.93,76.06,77.7600,3581804,March,Monday,2016,KHC,0.014878621769772912,1,3,0.024585853273731324
446,454,2016-03-24,76.7700,77.27,75.8585,76.4600,3356722,March,Thursday,2016,KHC,-0.00403803569102517,4,3,0.018607011738961215
447,455,2016-03-23,76.5700,77.06,76.21,76.8100,2295790,March,Wednesday,2016,KHC,0.0031343868355754095,3,3,0.011153391943314639
448,456,2016-03-22,76.9900,77.0248,76.03,76.4400,2615585,March,Tuesday,2016,KHC,-0.00714378490713076,2,3,0.013084308825463605
449,457,2016-03-21,76.9700,77.5,76.17,76.5900,3203356,March,Monday,2016,KHC,-0.004936988437053339,1,3,0.017460942628331342
450,458,2016-03-18,78.3800,78.39,76.77,77.3100,9081037,March,Friday,2016,KHC,-0.013651441694309686,5,3,0.021101992966002407
451,459,2016-03-17,77.5800,78.1,76.74,78.0100,4506370,March,Thursday,2016,KHC,0.0055426656354731485,4,3,0.017722178785509506
452,460,2016-03-16,77.9800,78.11,76.95,78.0300,3400043,March,Wednesday,2016,KHC,0.0006411900487304072,3,3,0.015074723846653626
453,461,2016-03-15,77.4600,77.82,76.82,77.7800,2924740,March,Tuesday,2016,KHC,0.004131164471985637,2,3,0.013017443374121324
454,462,2016-03-14,76.8800,77.7699,76.1,77.5700,2278270,March,Monday,2016,KHC,0.008975026014568128,1,3,0.021943495400788604
455,463,2016-03-11,77.2600,77.35,76.41,76.9500,2342927,March,Friday,2016,KHC,-0.0040124255759772486,5,3,0.012302054704881531
456,464,2016-03-10,76.9800,77.146,75.55,76.2200,2107224,March,Thursday,2016,KHC,-0.009872694206287414,4,3,0.02112508272667113
457,465,2016-03-09,76.6700,77.0,75.8,76.6300,2631348,March,Wednesday,2016,KHC,-0.0005217164471110768,3,3,0.01583113456464384
458,466,2016-03-08,76.0100,77.15,75.94,76.2900,2744743,March,Tuesday,2016,KHC,0.0036837258255492844,2,3,0.015933631814590572
459,467,2016-03-07,77.0100,77.39,76.14,76.5000,2581169,March,Monday,2016,KHC,-0.006622516556291457,1,3,0.01641712634620436
460,468,2016-03-04,77.9100,77.92,76.26,77.2000,3677820,March,Friday,2016,KHC,-0.009113079193941647,5,3,0.021767637031208976
461,469,2016-03-03,77.3000,77.55,76.46,77.3700,3240154,March,Thursday,2016,KHC,0.0009055627425615445,4,3,0.0142558200366205
462,470,2016-03-02,77.6100,77.8,76.12,77.4900,5075812,March,Wednesday,2016,KHC,-0.001546192500966429,3,3,0.02207041513399885
463,471,2016-03-01,77.6600,77.92,76.92,77.6600,5445500,March,Tuesday,2016,KHC,0.0,2,3,0.013000520020800831
464,472,2016-02-29,77.2800,78.0,76.93,77.0200,4885535,February,Monday,2016,KHC,-0.0033643892339545174,1,2,0.013908748212660771
465,473,2016-02-26,78.8000,78.9,76.65,77.8400,10319742,February,Friday,2016,KHC,-0.01218274111675119,5,2,0.029354207436399216
466,474,2016-02-25,73.4100,74.98,73.33,74.9600,4962306,February,Thursday,2016,KHC,0.021114289606320627,4,2,0.022501022773762522
467,475,2016-02-24,72.3300,73.33,71.825,72.9900,3526901,February,Wednesday,2016,KHC,0.009124844462878427,3,2,0.02095370692655754
468,476,2016-02-23,73.1000,73.49,72.56,72.8200,2805581,February,Tuesday,2016,KHC,-0.0038303693570451596,2,2,0.012816979051819081
469,477,2016-02-22,74.3900,74.39,72.21,73.3300,2916664,February,Monday,2016,KHC,-0.014249227046646084,1,2,0.03018972441490108
470,478,2016-02-19,72.9000,73.6932,72.83,73.5200,4333490,February,Friday,2016,KHC,0.008504801097393556,5,2,0.011852258684608076
471,479,2016-02-18,74.0800,74.29,73.34,73.4500,2755154,February,Thursday,2016,KHC,-0.008504319654427585,4,2,0.012953367875647706
472,480,2016-02-17,73.0000,74.39,72.5,74.2400,3628134,February,Wednesday,2016,KHC,0.016986301369862945,3,2,0.026068965517241388
473,481,2016-02-16,72.9000,73.06,71.92,72.3100,3852061,February,Tuesday,2016,KHC,-0.00809327846364888,2,2,0.015850945494994446
474,482,2016-02-12,72.2000,72.45,71.02,71.9200,2985772,February,Friday,2016,KHC,-0.0038781163434903204,5,2,0.02013517319065062
475,483,2016-02-11,70.9000,71.96,70.174,71.4400,3041545,February,Thursday,2016,KHC,0.007616361071932186,4,2,0.025451021745945608
476,484,2016-02-10,72.0700,73.3,71.7128,72.1100,2520133,February,Wednesday,2016,KHC,0.0005550159567088422,3,2,0.022132729443000352
477,485,2016-02-09,70.6000,71.96,70.01,71.5100,4616880,February,Tuesday,2016,KHC,0.012889518413597888,2,2,0.027853163833737874
478,486,2016-02-08,72.0900,72.2,70.18,71.2200,4704643,February,Monday,2016,KHC,-0.012068248023304265,1,2,0.02878312909660866
479,487,2016-02-05,74.2800,74.56,72.14,72.7800,9351550,February,Friday,2016,KHC,-0.020193861066235864,5,2,0.033545883005267556
480,488,2016-02-04,75.0400,75.1998,72.92,74.1500,7077139,February,Thursday,2016,KHC,-0.011860341151385933,4,2,0.0312643993417443
481,489,2016-02-03,76.3700,76.37,73.83,74.8900,6239683,February,Wednesday,2016,KHC,-0.019379337436166086,3,2,0.03440335906812957
482,490,2016-02-02,75.9700,76.8,75.72,75.9700,5631636,February,Tuesday,2016,KHC,0.0,2,2,0.01426307448494451
483,491,2016-02-01,77.3700,77.48,75.67,77.0100,3564201,February,Monday,2016,KHC,-0.004652966265994564,1,2,0.023919651116690924
484,492,2016-01-29,76.9000,78.22,76.4,78.0600,4508248,January,Friday,2016,KHC,0.015084525357607237,5,1,0.02382198952879572
485,493,2016-01-28,76.2700,76.99,75.48,76.1600,3542405,January,Thursday,2016,KHC,-0.0014422446571391036,4,1,0.020005299417064002
486,494,2016-01-27,75.8700,77.15,75.15,75.9700,5348171,January,Wednesday,2016,KHC,0.001318044022670282,3,1,0.02661343978709248
487,495,2016-01-26,73.3700,76.0,73.37,75.9800,3851276,January,Tuesday,2016,KHC,0.03557312252964426,2,1,0.035845713506882856
488,496,2016-01-25,73.7000,74.67,73.3401,74.0300,4123073,January,Monday,2016,KHC,0.004477611940298484,1,1,0.018133326788482628
489,497,2016-01-22,73.6000,74.5,72.51,74.3900,3111765,January,Friday,2016,KHC,0.010733695652173999,5,1,0.027444490415115083
490,498,2016-01-21,72.0000,73.33,71.3262,73.0500,6208213,January,Thursday,2016,KHC,0.014583333333333294,4,1,0.02809346355196265
491,499,2016-01-20,69.2800,71.58,68.74,71.1700,4606976,January,Wednesday,2016,KHC,0.027280600461893772,3,1,0.04131510037823689
492,500,2016-01-19,70.0100,70.52,69.55,70.1700,5107078,January,Tuesday,2016,KHC,0.0022853878017425593,2,1,0.013946800862688697
493,501,2016-01-15,68.9000,70.15,68.18,69.2000,6551215,January,Friday,2016,KHC,0.004354136429608086,5,1,0.02889410384276912
494,502,2016-01-14,70.9600,71.5277,70.304,70.7400,4610603,January,Thursday,2016,KHC,-0.003100338218714753,4,1,0.017405837505689487
495,503,2016-01-13,73.1900,73.44,70.64,70.8100,3448459,January,Wednesday,2016,KHC,-0.03251810356606088,3,1,0.039637599093997694
496,504,2016-01-12,72.8500,73.35,72.1316,73.2300,2924618,January,Tuesday,2016,KHC,0.005216197666438019,2,1,0.016891348590631405
497,505,2016-01-11,71.3500,72.53,70.77,72.2700,3329473,January,Monday,2016,KHC,0.012894183601962183,1,1,0.024869294898968563
498,506,2016-01-08,72.1900,72.47,71.1,71.1800,3092105,January,Friday,2016,KHC,-0.013990857459481797,5,1,0.019268635724331993
499,507,2016-01-07,72.0100,72.99,71.85,71.9000,4050321,January,Thursday,2016,KHC,-0.0015275656158866744,4,1,0.015866388308977044
500,508,2016-01-06,72.2000,73.68,72.03,73.5300,3294730,January,Wednesday,2016,KHC,0.01842105263157892,3,1,0.022907122032486543
501,509,2016-01-05,72.7400,73.58,72.28,73.3900,3858575,January,Tuesday,2016,KHC,0.008935936211163125,2,1,0.017985611510791328
502,510,2016-01-04,71.3800,72.85,71.35,72.7000,5209447,January,Monday,2016,KHC,0.01849257495096676,1,1,0.021023125437981783
503,511,2015-12-31,73.3700,73.5,72.63,72.7600,1857050,December,Thursday,2015,KHC,-0.00831402480577892,4,12,0.011978521272201633
504,512,2015-12-30,74.6500,74.96,73.71,73.7500,1779981,December,Wednesday,2015,KHC,-0.012056262558606907,3,12,0.016958350291683626
505,513,2015-12-29,73.6500,74.86,73.4,74.6900,4351737,December,Tuesday,2015,KHC,0.01412084181941605,2,12,0.019891008174386833
506,514,2015-12-28,73.7100,73.7844,72.89,73.4200,5421794,December,Monday,2015,KHC,-0.003934337267670493,1,12,0.01227054465633152
507,515,2015-12-24,74.8100,74.81,73.88,73.9600,1962511,December,Thursday,2015,KHC,-0.011362117363988886,4,12,0.012587980508933498
508,516,2015-12-23,73.3000,74.78,72.99,74.5100,4193443,December,Wednesday,2015,KHC,0.01650750341064131,3,12,0.024523907384573315
509,517,2015-12-22,71.6400,73.19,71.315,72.9300,5053274,December,Tuesday,2015,KHC,0.018006700167504275,2,12,0.026291803968309612
510,518,2015-12-21,70.5200,71.66,70.37,71.3800,5466879,December,Monday,2015,KHC,0.012195121951219506,1,12,0.01833167542987057
511,519,2015-12-18,71.4200,71.94,70.63,70.6700,6568343,December,Friday,2015,KHC,-0.010501260151218146,5,12,0.018547359478974974
512,520,2015-12-17,72.9500,73.3,71.9,71.9200,2402721,December,Thursday,2015,KHC,-0.014119259766963689,4,12,0.019471488178024916
513,521,2015-12-16,72.6100,73.2,71.89,73.0100,2176876,December,Wednesday,2015,KHC,0.005508883073956834,3,12,0.018222284045068888
514,522,2015-12-15,71.7300,72.75,71.65,72.0100,4168696,December,Tuesday,2015,KHC,0.0039035271155723004,2,12,0.015352407536636347
515,523,2015-12-14,70.0700,71.08,69.77,70.9750,3895009,December,Monday,2015,KHC,0.012915655772798648,1,12,0.018775978214132183
516,524,2015-12-11,70.0900,70.69,69.39,69.6900,3755995,December,Friday,2015,KHC,-0.00570694820944508,5,12,0.018734687995388345
517,525,2015-12-10,70.8300,71.335,70.51,70.8400,2733737,December,Thursday,2015,KHC,0.00014118311449957808,4,12,0.011700468018720586
518,526,2015-12-09,71.1600,72.17,70.5,70.9000,3940794,December,Wednesday,2015,KHC,-0.0036537380550869998,3,12,0.023687943262411373
519,527,2015-12-08,71.0000,71.6548,70.588,71.5300,4520579,December,Tuesday,2015,KHC,0.007464788732394382,2,12,0.0151130503768346
520,528,2015-12-07,71.9200,72.2045,70.8503,71.4300,3323628,December,Monday,2015,KHC,-0.006813125695216836,1,12,0.019113539392211346
521,529,2015-12-04,71.4000,72.73,71.07,72.2200,4495856,December,Friday,2015,KHC,0.011484593837534918,5,12,0.02335725341212904
522,530,2015-12-03,73.3000,73.68,71.09,71.4600,3019136,December,Thursday,2015,KHC,-0.02510231923601642,4,12,0.03643269095512735
523,531,2015-12-02,74.2100,74.6199,72.9201,73.0400,2568705,December,Wednesday,2015,KHC,-0.015766069262902405,3,12,0.023310445268177032
524,532,2015-12-01,74.2300,75.0,73.8,74.4700,3749325,December,Tuesday,2015,KHC,0.0032331941263639345,2,12,0.016260162601626056
525,533,2015-11-30,74.5200,74.86,73.5,73.6900,4200074,November,Monday,2015,KHC,-0.011137949543746624,1,11,0.018503401360544208
526,534,2015-11-27,74.5700,75.0,74.22,74.6100,777321,November,Friday,2015,KHC,0.0005364087434626023,5,11,0.010509296685529522
527,535,2015-11-25,74.4500,74.92,73.85,74.6400,2384073,November,Wednesday,2015,KHC,0.0025520483546003724,3,11,0.014488828706838286
528,536,2015-11-24,73.7300,74.51,73.68,74.4700,2863937,November,Tuesday,2015,KHC,0.010036620100366132,2,11,0.01126492942453852
529,537,2015-11-23,74.0300,74.54,73.895,74.0700,2706173,November,Monday,2015,KHC,0.0005403214912872085,1,11,0.00872860139386982
530,538,2015-11-20,74.1700,75.57,73.4,73.6500,4003244,November,Friday,2015,KHC,-0.007010920857489497,5,11,0.02956403269754751
531,539,2015-11-19,73.2500,73.73,72.34,73.3400,2828653,November,Thursday,2015,KHC,0.0012286689419795688,4,11,0.019214818910699483
532,540,2015-11-18,71.8400,73.035,71.17,72.5850,3780235,November,Wednesday,2015,KHC,0.010370267260578929,3,11,0.026204861598988265
533,541,2015-11-17,72.1000,72.13,70.64,71.4500,4247437,November,Tuesday,2015,KHC,-0.009015256588072005,2,11,0.021092865232163006
534,542,2015-11-16,71.0200,72.11,70.94,71.6550,2398441,November,Monday,2015,KHC,0.008941143339904326,1,11,0.016492810826050208
535,543,2015-11-13,70.6200,71.71,70.5801,70.7700,3008004,November,Friday,2015,KHC,0.0021240441801188255,5,11,0.016008761676449764
536,544,2015-11-12,71.1800,71.3775,70.25,70.9000,3931505,November,Thursday,2015,KHC,-0.00393368923855017,4,11,0.016049822064056907
537,545,2015-11-11,72.7000,72.86,71.36,72.1100,3537798,November,Wednesday,2015,KHC,-0.008115543328748327,3,11,0.02102017937219731
538,546,2015-11-10,71.7500,72.22,71.1506,72.0800,3470418,November,Tuesday,2015,KHC,0.004599303135888478,2,11,0.015030091102534648
539,547,2015-11-09,72.0000,72.68,70.85,71.2400,4231011,November,Monday,2015,KHC,-0.010555555555555627,1,11,0.025829216654904907
540,548,2015-11-06,73.7500,74.5,71.58,72.0100,8819867,November,Friday,2015,KHC,-0.023593220338982982,5,11,0.04079351774238617
541,549,2015-11-05,76.2000,76.4989,74.75,75.4200,3347202,November,Thursday,2015,KHC,-0.010236220472440959,4,11,0.023396655518394732
542,550,2015-11-04,76.3200,76.6683,75.24,75.8200,2631285,November,Wednesday,2015,KHC,-0.006551362683438156,3,11,0.018983253588516845
543,551,2015-11-03,77.8300,77.9999,75.8803,76.4300,4489805,November,Tuesday,2015,KHC,-0.017987922394963274,2,11,0.027933468897724325
544,552,2015-11-02,78.4300,78.93,77.72,78.2700,1536530,November,Monday,2015,KHC,-0.0020400357006248983,1,11,0.015568708183221924
545,553,2015-10-30,78.3700,78.99,77.86,77.9700,2053021,October,Friday,2015,KHC,-0.005103993875207422,5,10,0.014513228872334902
546,554,2015-10-29,78.8400,78.997,77.849,78.6500,1788502,October,Thursday,2015,KHC,-0.00240994419076608,4,10,0.014746496422561576
547,555,2015-10-28,77.1500,79.2,76.34,79.1800,2382026,October,Wednesday,2015,KHC,0.026312378483473765,3,10,0.03746397694524495
548,556,2015-10-27,76.2100,77.4799,76.21,77.1700,2435227,October,Tuesday,2015,KHC,0.012596772077155335,2,10,0.016663167563311994
549,557,2015-10-26,78.1800,78.18,76.48,76.8100,2563812,October,Monday,2015,KHC,-0.017523663341007988,1,10,0.022228033472803384
550,558,2015-10-23,79.1500,79.89,77.43,77.9800,3179036,October,Friday,2015,KHC,-0.01478205938092232,5,10,0.03177063153816342
551,559,2015-10-22,77.2200,79.94,77.22,79.9400,3951738,October,Thursday,2015,KHC,0.03522403522403521,4,10,0.03522403522403521
552,560,2015-10-21,77.0000,77.74,76.63,77.0500,2371767,October,Wednesday,2015,KHC,0.0006493506493506125,3,10,0.014485188568445773
553,561,2015-10-20,76.2000,77.1599,76.11,76.8700,1922053,October,Tuesday,2015,KHC,0.008792650918635193,2,10,0.013794507949021073
554,562,2015-10-19,76.8900,77.1999,76.29,76.8000,1951906,October,Monday,2015,KHC,-0.0011705033164261076,1,10,0.011926858041682963
555,563,2015-10-16,75.6800,78.0,74.87,77.3900,3435205,October,Friday,2015,KHC,0.022595137420718732,5,10,0.04180579671430473
556,564,2015-10-15,74.1500,75.22,73.922,75.2200,2135670,October,Thursday,2015,KHC,0.014430209035738275,4,10,0.017559048727036633
557,565,2015-10-14,73.1200,74.3,73.0,73.7700,1956846,October,Wednesday,2015,KHC,0.008889496717724172,3,10,0.017808219178082153
558,566,2015-10-13,73.6100,73.93,73.18,73.3800,2147545,October,Tuesday,2015,KHC,-0.003124575465290096,2,10,0.010248701831101393
559,567,2015-10-12,74.4100,74.41,73.31,73.7200,2081888,October,Monday,2015,KHC,-0.00927294718451818,1,10,0.015004774246351034
560,568,2015-10-09,74.4100,75.22,73.99,74.3900,2938086,October,Friday,2015,KHC,-0.0002687810778120686,5,10,0.016623868090282524
561,569,2015-10-08,73.1600,74.47,72.74,74.4300,2239703,October,Thursday,2015,KHC,0.017359212684527205,4,10,0.02378333791586478
562,570,2015-10-07,72.7400,73.74,72.4801,73.1500,2325233,October,Wednesday,2015,KHC,0.005636513610118378,3,10,0.017382702286558683
563,571,2015-10-06,72.2900,73.05,71.89,72.4700,2819787,October,Tuesday,2015,KHC,0.0024899709503388105,2,10,0.01613576297120596
564,572,2015-10-05,72.0000,73.25,71.3496,72.2400,6323458,October,Monday,2015,KHC,0.0033333333333332624,1,10,0.02663504770874686
565,573,2015-10-02,70.1900,71.46,69.37,71.4100,2593109,October,Friday,2015,KHC,0.0173813933608776,5,10,0.030128297534957316
566,574,2015-10-01,71.2700,71.97,69.7701,70.8300,2519675,October,Thursday,2015,KHC,-0.006173705626490778,4,10,0.03153069868038027
567,575,2015-09-30,69.6700,70.8,69.46,70.5800,3052710,September,Wednesday,2015,KHC,0.01306157600114822,3,9,0.01929167866397932
568,576,2015-09-29,70.1600,70.98,68.65,69.2000,3870926,September,Tuesday,2015,KHC,-0.013683010262257609,2,9,0.03394027676620536
569,577,2015-09-28,72.8100,73.27,69.99,69.9900,4974381,September,Monday,2015,KHC,-0.03873094355171003,1,9,0.046863837691098746
570,578,2015-09-25,73.8000,73.85,72.78,73.3500,3517027,September,Friday,2015,KHC,-0.0060975609756097945,5,9,0.01470184116515517
571,579,2015-09-24,73.0000,73.14,71.7,72.9200,4416111,September,Thursday,2015,KHC,-0.0010958904109588808,4,9,0.02008368200836817
572,580,2015-09-23,74.1700,74.598,73.2551,73.3100,3713174,September,Wednesday,2015,KHC,-0.011594984495078864,3,9,0.018331829456242642
573,581,2015-09-22,74.1500,74.87,73.66,74.3100,2628741,September,Tuesday,2015,KHC,0.0021577882670262517,2,9,0.016426825957100297
574,582,2015-09-21,75.6900,76.19,74.96,75.2000,3256338,September,Monday,2015,KHC,-0.006473774606949332,1,9,0.016408751334044878
575,583,2015-09-18,75.5500,76.5,75.01,75.4400,7231726,September,Friday,2015,KHC,-0.0014559894109860945,5,9,0.019864018130915807
576,584,2015-09-17,76.5800,77.7599,76.0,76.4300,3142630,September,Thursday,2015,KHC,-0.0019587359623921582,4,9,0.023156578947368445
577,585,2015-09-16,75.2000,76.71,74.3,76.3700,2302883,September,Wednesday,2015,KHC,0.015558510638297895,3,9,0.03243606998654101
578,586,2015-09-15,74.9400,75.52,73.755,75.3900,3393323,September,Tuesday,2015,KHC,0.006004803843074498,2,9,0.02393058097756085
579,587,2015-09-14,73.5000,74.71,72.555,74.5500,2927415,September,Monday,2015,KHC,0.014285714285714247,1,9,0.02970160567845065
580,588,2015-09-11,72.2500,73.93,71.6,73.7600,2146733,September,Friday,2015,KHC,0.020899653979238826,5,9,0.032541899441340956
581,589,2015-09-10,72.1300,73.05,71.78,72.1600,3619666,September,Thursday,2015,KHC,0.0004159157077499118,4,9,0.01769295068264135
582,590,2015-09-09,74.4500,74.5,71.98,72.1700,2936421,September,Wednesday,2015,KHC,-0.03062458025520485,3,9,0.03500972492358983
583,591,2015-09-08,71.8500,74.33,70.81,74.0700,4450669,September,Tuesday,2015,KHC,0.03089770354906053,2,9,0.04971049286823889
584,592,2015-09-04,71.1400,71.69,70.129,70.5700,2997042,September,Friday,2015,KHC,-0.008012369974697883,5,9,0.022258979879935442
585,593,2015-09-03,72.5600,73.89,71.79,72.1600,2595274,September,Thursday,2015,KHC,-0.005512679162072846,4,9,0.02925198495612194
586,594,2015-09-02,70.8400,72.07,70.31,72.0700,2986466,September,Wednesday,2015,KHC,0.017363071710897654,3,9,0.025032001137818102
587,595,2015-09-01,71.2300,72.54,69.64,70.1200,4671422,September,Tuesday,2015,KHC,-0.015583321634142909,2,9,0.04164273406088463
588,596,2015-08-31,74.2100,74.43,72.57,72.6600,2688401,August,Monday,2015,KHC,-0.020886672955127306,1,8,0.025630425795783573
589,597,2015-08-28,74.4000,75.19,73.82,74.6900,2150122,August,Friday,2015,KHC,0.003897849462365484,5,8,0.018558656190734282
590,598,2015-08-27,73.1700,75.25,73.12,75.1800,5937763,August,Thursday,2015,KHC,0.027470274702747096,4,8,0.029130196936542604
591,599,2015-08-26,71.7200,74.11,69.53,73.9100,5356315,August,Wednesday,2015,KHC,0.030535415504740628,3,8,0.06587084711635263
592,600,2015-08-25,71.5400,72.4,70.0,70.2100,4423354,August,Tuesday,2015,KHC,-0.01859099804305301,2,8,0.034285714285714364
593,601,2015-08-24,68.2400,72.24,61.42,70.8700,9844588,August,Monday,2015,KHC,0.03854044548651832,1,8,0.17616411592315195
594,602,2015-08-21,73.3100,74.25,72.26,72.2700,5564549,August,Friday,2015,KHC,-0.014186332014732045,5,8,0.027539440907832752
595,603,2015-08-20,74.0200,74.7644,73.78,74.2500,2206972,August,Thursday,2015,KHC,0.003107268305863334,4,8,0.01334236920574673
596,604,2015-08-19,75.0000,75.29,73.92,74.7800,3026467,August,Wednesday,2015,KHC,-0.002933333333333318,3,8,0.018533549783549843
597,605,2015-08-18,75.7200,75.953,75.06,75.1900,2009695,August,Tuesday,2015,KHC,-0.006999471737982054,2,8,0.011897148947508668
598,606,2015-08-17,75.8600,76.41,75.51,75.8000,2260346,August,Monday,2015,KHC,-0.0007909306617453503,1,8,0.011918951132300244
599,607,2015-08-14,76.0700,76.74,75.117,76.4200,2573375,August,Friday,2015,KHC,0.0046010253713685886,5,8,0.02160629418107739
600,608,2015-08-13,77.0100,77.07,75.8,75.9900,2917485,August,Thursday,2015,KHC,-0.013245033112582913,4,8,0.01675461741424797
601,609,2015-08-12,77.8300,78.31,76.09,76.6900,3688888,August,Wednesday,2015,KHC,-0.014647308235898762,3,8,0.029175975818110118
602,610,2015-08-11,77.6300,80.48,77.07,77.9700,3889072,August,Tuesday,2015,KHC,0.004379750096612178,2,8,0.044245491111976266
603,611,2015-08-10,79.4300,79.8,78.57,78.8100,3252284,August,Monday,2015,KHC,-0.007805615006924393,1,8,0.01565483008781983
604,612,2015-08-07,79.1400,79.38,77.29,78.4600,3274134,August,Friday,2015,KHC,-0.008592367955521946,5,8,0.027041014361495523
605,613,2015-08-06,81.0500,81.19,79.51,79.7600,3708640,August,Thursday,2015,KHC,-0.01591610117211588,4,8,0.02112941768331018
606,614,2015-08-05,80.0100,81.0,79.85,80.4800,2684886,August,Wednesday,2015,KHC,0.005874265716785387,3,8,0.014402003757044531
607,615,2015-08-04,80.5700,81.0,79.67,79.8100,2429632,August,Tuesday,2015,KHC,-0.009432791361548851,2,8,0.01669386218149866
608,616,2015-08-03,80.0000,81.03,79.91,80.3700,2681801,August,Monday,2015,KHC,0.004625000000000057,1,8,0.014015767738706102
609,617,2015-07-31,79.9400,79.94,78.865,79.4700,2685520,July,Friday,2015,KHC,-0.005879409557167862,5,7,0.013630888226716579
610,618,2015-07-30,78.2100,79.69,77.6,79.2100,3246987,July,Thursday,2015,KHC,0.012786088735455826,4,7,0.026932989690721696
611,619,2015-07-29,78.2600,78.2999,77.0,77.9100,2278559,July,Wednesday,2015,KHC,-0.004472271914132488,3,7,0.016881818181818102
612,620,2015-07-28,78.4400,78.65,77.5,78.3200,1895916,July,Tuesday,2015,KHC,-0.0015298317185110219,2,7,0.014838709677419428
613,621,2015-07-27,76.6300,77.98,76.29,77.3800,5774342,July,Monday,2015,KHC,0.009787289573274176,1,7,0.02215231354043777
614,622,2015-07-24,76.9200,77.43,75.95,76.4100,3116008,July,Friday,2015,KHC,-0.0066302652106084905,5,7,0.01948650427913106
615,623,2015-07-23,78.4200,78.57,76.64,76.7400,2975649,July,Thursday,2015,KHC,-0.021423106350420898,4,7,0.025182672233820362
616,624,2015-07-22,80.8300,80.9,78.58,78.6400,5201248,July,Wednesday,2015,KHC,-0.027093900779413555,3,7,0.029524051921608646
617,625,2015-07-21,79.9700,80.68,79.4,80.2200,6123210,July,Tuesday,2015,KHC,0.003126172314617982,2,7,0.01612090680100757
618,626,2015-07-20,79.9500,81.2,79.13,80.1100,10284545,July,Monday,2015,KHC,0.0020012507817385437,1,7,0.026159484392771482
619,627,2015-07-17,79.4300,79.69,77.26,79.6300,6100876,July,Friday,2015,KHC,0.0025179403248141584,5,7,0.031452239192337465
620,628,2015-07-16,76.9700,78.84,76.9501,78.7500,5634050,July,Thursday,2015,KHC,0.02312589320514488,4,7,0.02456007204668996
621,629,2015-07-15,77.6500,78.17,76.4,76.7100,6330496,July,Wednesday,2015,KHC,-0.012105602060528162,3,7,0.023167539267015654
622,630,2015-07-14,79.4500,79.5,77.65,78.0000,18746119,July,Tuesday,2015,KHC,-0.018250471994965423,2,7,0.0238248551191242
623,631,2015-07-13,79.5000,79.7,77.91,78.8300,9078901,July,Monday,2015,KHC,-0.008427672955974864,1,7,0.02297522782697993
624,632,2015-07-10,75.0500,77.8,75.0,77.3100,4982979,July,Friday,2015,KHC,0.03011325782811466,5,7,0.037333333333333295
625,633,2015-07-09,76.4700,77.066,74.5,74.8000,4267057,July,Thursday,2015,KHC,-0.021838629527919467,4,7,0.03444295302013426
626,634,2015-07-08,74.3000,75.5,74.04,75.4000,4277461,July,Wednesday,2015,KHC,0.014804845222072793,3,7,0.01971907077255529
627,635,2015-07-07,73.7300,74.71,72.96,74.6300,5794811,July,Tuesday,2015,KHC,0.012206700122066885,2,7,0.02398574561403509
628,636,2015-07-06,71.0000,74.29,71.0,72.9600,3809713,July,Monday,2015,KHC,0.0,1,7,0.046338028169014174
